catch	id	player
2018-03-02 10:07:21.791	FFC5-0000-0355-0297	xXUltrazockerXx
2018-03-02 10:07:21.791	FFC5-0000-0355-0297	yanis001
2018-03-02 10:07:21.791	FFC5-0000-0355-0297	youtube7000
2018-03-02 10:07:21.791	FFC5-0000-0355-0297	yui_cheng2
2018-03-02 10:07:21.791	FFC5-0000-0355-0297	yuribouonsen
2018-03-02 10:07:21.791	FFC5-0000-0355-0297	zanderfamily2009
2018-03-02 10:07:24.319	FFC6-0000-0366-3B71	alexandre76210
2018-03-02 10:07:24.319	FFC6-0000-0366-3B71	anna2013finkal
2018-03-02 10:07:24.319	FFC6-0000-0366-3B71	Antoin21
2018-03-02 10:07:24.319	FFC6-0000-0366-3B71	antonioguedes
2018-03-02 10:07:24.319	FFC6-0000-0366-3B71	arsoulna
2018-03-02 10:07:24.319	FFC6-0000-0366-3B71	chokohakku
2018-03-02 10:07:24.319	FFC6-0000-0366-3B71	GaBe_21_7
2018-03-02 10:07:24.319	FFC6-0000-0366-3B71	heikoborm
2018-03-02 10:07:24.319	FFC6-0000-0366-3B71	ichbinalex1978
2018-03-02 10:07:24.319	FFC6-0000-0366-3B71	lancer69
2018-03-02 10:07:24.319	FFC6-0000-0366-3B71	mandres08
2018-03-02 10:07:24.319	FFC6-0000-0366-3B71	megachris6
2018-03-02 10:07:24.319	FFC6-0000-0366-3B71	oscar2002
2018-03-02 10:07:24.319	FFC6-0000-0366-3B71	reneistghal
2018-03-02 10:07:24.319	FFC6-0000-0366-3B71	ryandspear
2018-03-02 10:07:24.319	FFC6-0000-0366-3B71	sarachia
2018-03-02 10:07:24.319	FFC6-0000-0366-3B71	sock5842
2018-03-02 10:07:24.319	FFC6-0000-0366-3B71	Touma589
2018-03-02 10:07:24.319	FFC6-0000-0366-3B71	wapodecara38
2017-12-18 16:12:07.452	FFC7-0000-0330-8924	AlanFink9001
2017-12-18 16:12:07.452	FFC7-0000-0330-8924	Alexxmonster04
2017-12-18 16:12:07.452	FFC7-0000-0330-8924	amiekaz
2017-12-18 16:12:07.452	FFC7-0000-0330-8924	CrAzyC00kie
2017-12-18 16:12:07.452	FFC7-0000-0330-8924	FanaticalGamer
2017-12-18 16:12:07.452	FFC7-0000-0330-8924	Gatto82
2017-12-18 16:12:07.452	FFC7-0000-0330-8924	GoldenMario1245
2017-12-18 16:12:07.452	FFC7-0000-0330-8924	HACCHI6
2017-12-18 16:12:07.452	FFC7-0000-0330-8924	joshg_05
2017-12-18 16:12:07.452	FFC7-0000-0330-8924	Marcos8x
2017-12-18 16:12:07.452	FFC7-0000-0330-8924	MLGRhys
2017-12-18 16:12:07.452	FFC7-0000-0330-8924	MommyGamer47
2017-12-18 16:12:07.452	FFC7-0000-0330-8924	neptune23
2017-12-18 16:12:07.452	FFC7-0000-0330-8924	reztech23
2018-01-02 07:29:43.106	FFC7-0000-0330-8924	Rockuss_one
2017-12-18 16:12:07.452	FFC7-0000-0330-8924	Scrapemaster05
2017-12-18 16:12:07.452	FFC7-0000-0330-8924	sewmommy88
2017-12-18 16:12:07.452	FFC7-0000-0330-8924	titinor
2017-12-18 16:12:07.452	FFC7-0000-0330-8924	Tylerandaj365
2017-12-18 16:12:07.452	FFC7-0000-0330-8924	visserjr3
2017-12-18 16:12:08.905	FFC7-0000-033D-ED1F	fabiojavier.s
2017-12-18 16:12:08.905	FFC7-0000-033D-ED1F	fmy1113
2017-12-18 16:12:08.905	FFC7-0000-033D-ED1F	HunterD17
2017-12-18 16:12:08.905	FFC7-0000-033D-ED1F	JimmyJam1983
2017-12-18 16:12:08.905	FFC7-0000-033D-ED1F	laowang438
2017-12-18 16:12:08.905	FFC7-0000-033D-ED1F	noaleo1011
2017-12-18 16:12:08.905	FFC7-0000-033D-ED1F	vonharreson
2017-12-18 16:12:11.175	FFC7-0000-0352-5052	arp060315
2018-02-20 16:58:23.317	FFC7-0000-0352-5052	Ashgamer12
2017-12-18 16:12:11.175	FFC7-0000-0352-5052	Black0061
2017-12-18 16:12:11.175	FFC7-0000-0352-5052	cota0510
2017-12-18 16:12:11.175	FFC7-0000-0352-5052	danteyblux
2017-12-18 16:12:11.175	FFC7-0000-0352-5052	jaiden630
2017-12-18 16:12:11.175	FFC7-0000-0352-5052	Jasdev2828
2017-12-18 16:12:11.175	FFC7-0000-0352-5052	JD36604
2017-12-18 16:12:11.175	FFC7-0000-0352-5052	Maxmosito
2017-12-18 16:12:11.175	FFC7-0000-0352-5052	psy110
2018-03-02 10:07:26.241	FFC8-0000-02FF-AD67	033990
2018-03-02 10:07:26.241	FFC8-0000-02FF-AD67	103505
2018-03-02 10:07:26.241	FFC8-0000-02FF-AD67	666666io
2018-03-02 10:07:26.241	FFC8-0000-02FF-AD67	AmazingSuperBros
2018-03-02 10:07:26.241	FFC8-0000-02FF-AD67	ataru2418
2018-03-02 10:07:26.241	FFC8-0000-02FF-AD67	ATUKI.3250
2018-03-02 10:07:26.241	FFC8-0000-02FF-AD67	benjaminperez123
2018-03-02 10:07:26.241	FFC8-0000-02FF-AD67	GhostGirl04
2018-03-02 10:07:26.241	FFC8-0000-02FF-AD67	HarryJones999999
2018-03-02 10:07:26.241	FFC8-0000-02FF-AD67	HERSHERBAR
2018-03-02 10:07:26.241	FFC8-0000-02FF-AD67	ItoouRen
2018-03-02 10:07:26.241	FFC8-0000-02FF-AD67	jerems5
2018-03-02 10:07:26.241	FFC8-0000-02FF-AD67	jyrkin
2018-03-02 10:07:26.241	FFC8-0000-02FF-AD67	Lockettup16
2018-03-02 10:07:26.241	FFC8-0000-02FF-AD67	maapooh
2018-03-02 10:07:26.241	FFC8-0000-02FF-AD67	masatoshi0921
2018-03-02 10:07:26.241	FFC8-0000-02FF-AD67	meganludwig555
2018-03-02 10:07:26.241	FFC8-0000-02FF-AD67	Mewtu12
2018-03-02 10:07:26.241	FFC8-0000-02FF-AD67	mkoi868
2018-03-02 10:07:26.241	FFC8-0000-02FF-AD67	RageSpider14
2018-03-02 10:07:26.241	FFC8-0000-02FF-AD67	REOMAOmasa
2018-03-02 10:07:26.241	FFC8-0000-02FF-AD67	sinn3.ana.erusa
2018-03-02 10:07:26.241	FFC8-0000-02FF-AD67	Spopples
2018-03-02 10:07:26.241	FFC8-0000-02FF-AD67	theolenul
2018-03-02 10:07:26.241	FFC8-0000-02FF-AD67	ThisIzPammy
2018-03-02 10:07:26.241	FFC8-0000-02FF-AD67	yamakawa06
2018-02-23 15:06:15.155	FFC8-0000-030D-B847	14yan09sch
2018-02-23 15:06:15.155	FFC8-0000-030D-B847	200611Kram
2018-02-23 15:06:15.155	FFC8-0000-030D-B847	AidanBrock
2018-02-23 15:06:15.155	FFC8-0000-030D-B847	akiz0820
2018-02-23 15:06:15.155	FFC8-0000-030D-B847	Artemis_Kalliste
2018-02-23 15:06:15.155	FFC8-0000-030D-B847	ayato3710
2018-02-23 15:06:15.155	FFC8-0000-030D-B847	Barb28
2018-02-23 15:06:15.155	FFC8-0000-030D-B847	beehuy
2018-02-23 15:06:15.155	FFC8-0000-030D-B847	BunnyBoo423
2018-02-23 15:06:15.155	FFC8-0000-030D-B847	caguel2007
2018-02-23 15:06:15.155	FFC8-0000-030D-B847	ColeHamels1
2018-02-23 15:06:15.155	FFC8-0000-030D-B847	d13579f
2018-02-23 15:06:15.155	FFC8-0000-030D-B847	daizysmom05
2018-02-23 15:06:15.155	FFC8-0000-030D-B847	Emir_K
2018-02-23 15:06:15.155	FFC8-0000-030D-B847	fexcat
2018-02-23 15:06:15.155	FFC8-0000-030D-B847	GentilFamily2146
2018-02-23 15:06:15.155	FFC8-0000-030D-B847	hannah1112
2018-02-23 15:06:15.155	FFC8-0000-030D-B847	harutoanmo
2018-02-23 15:06:15.155	FFC8-0000-030D-B847	joelrox13
2018-02-23 15:06:15.155	FFC8-0000-030D-B847	kemhome
2018-02-23 15:06:15.155	FFC8-0000-030D-B847	kenn0072
2018-02-23 15:06:15.155	FFC8-0000-030D-B847	king-erici
2018-02-23 15:06:15.155	FFC8-0000-030D-B847	kuro1209
2018-02-23 15:06:15.155	FFC8-0000-030D-B847	lennyb78
2018-02-23 15:06:15.155	FFC8-0000-030D-B847	lilive51
2018-02-23 15:06:15.155	FFC8-0000-030D-B847	LividLycan
2018-02-23 15:06:15.155	FFC8-0000-030D-B847	loganoid2008
2018-03-01 09:49:58.159	FFC8-0000-030D-B847	MarcoBazooka
2018-02-23 15:06:15.155	FFC8-0000-030D-B847	mirondaw
2018-02-23 15:06:15.155	FFC8-0000-030D-B847	momo2066
2018-02-23 15:06:15.155	FFC8-0000-030D-B847	moriji1969
2018-02-23 15:06:15.155	FFC8-0000-030D-B847	mufas0731
2018-02-23 15:06:15.155	FFC8-0000-030D-B847	nanaharu415427
2018-02-23 15:06:15.155	FFC8-0000-030D-B847	nanapaparandy
2018-02-23 15:06:15.155	FFC8-0000-030D-B847	otop0405
2018-02-23 15:06:15.155	FFC8-0000-030D-B847	Pacogj16
2018-02-23 15:06:15.155	FFC8-0000-030D-B847	rellnvasha
2018-02-23 15:06:15.155	FFC8-0000-030D-B847	rnt0711
2018-02-23 15:06:15.155	FFC8-0000-030D-B847	r.zigami
2018-02-23 15:06:15.155	FFC8-0000-030D-B847	sakewell
2018-02-23 15:06:15.155	FFC8-0000-030D-B847	Sr.ian
2018-02-23 15:06:15.155	FFC8-0000-030D-B847	suzon1000suzon
2018-02-23 15:06:15.155	FFC8-0000-030D-B847	themaster_whizz
2018-02-23 15:06:15.155	FFC8-0000-030D-B847	undermel
2017-12-18 16:12:13.144	FFCA-0000-0313-0DA4	2006unax
2017-12-18 16:12:13.144	FFCA-0000-0313-0DA4	36nami
2017-12-18 16:12:13.144	FFCA-0000-0313-0DA4	annam86
2017-12-18 16:12:13.144	FFCA-0000-0313-0DA4	aya2768
2017-12-18 16:12:13.144	FFCA-0000-0313-0DA4	chris92653
2018-02-20 16:58:25.771	FFCA-0000-0313-0DA4	DamonSA
2017-12-18 16:12:13.144	FFCA-0000-0313-0DA4	danielemanuel
2018-01-02 07:29:47.818	FFCA-0000-0313-0DA4	DavidBoss10
2018-02-20 16:58:25.771	FFCA-0000-0313-0DA4	Diringui
2017-12-18 16:12:13.144	FFCA-0000-0313-0DA4	djaid42
2018-01-02 07:29:47.818	FFCA-0000-0313-0DA4	eliott1902
2017-12-18 16:12:13.144	FFCA-0000-0313-0DA4	fjs224
2017-12-18 16:12:13.144	FFCA-0000-0313-0DA4	gueguess
2017-12-18 16:12:13.144	FFCA-0000-0313-0DA4	jaxgra2014
2017-12-18 16:12:13.144	FFCA-0000-0313-0DA4	JCromer117
2017-12-18 16:12:13.144	FFCA-0000-0313-0DA4	jenofmydreams
2017-12-18 16:12:13.144	FFCA-0000-0313-0DA4	jmm0679
2017-12-18 16:12:13.144	FFCA-0000-0313-0DA4	Jo1983
2017-12-18 16:12:13.144	FFCA-0000-0313-0DA4	kkkm2589
2018-01-16 09:42:06.144	FFCA-0000-0313-0DA4	kozue1983
2017-12-18 16:12:13.144	FFCA-0000-0313-0DA4	lime9117
2017-12-18 16:12:13.144	FFCA-0000-0313-0DA4	Mayele07
2017-12-18 16:12:13.144	FFCA-0000-0313-0DA4	rodricid
2017-12-18 16:12:13.144	FFCA-0000-0313-0DA4	shannonbowles
2017-12-18 16:12:13.144	FFCA-0000-0313-0DA4	sosi27
2017-12-18 16:12:13.144	FFCA-0000-0313-0DA4	tanaka20451
2017-12-18 16:12:13.144	FFCA-0000-0313-0DA4	Toooomm
2017-12-18 16:12:13.144	FFCA-0000-0313-0DA4	we-LOVE-boo
2017-12-18 16:12:13.144	FFCA-0000-0313-0DA4	Wii-U-NINDONNA85
2018-01-31 15:53:46.326	FFCA-0000-0313-0DA4	yzr500-nsr500
2018-01-31 15:53:46.326	FFCA-0000-0313-0DA4	zetakai2
2017-12-18 16:12:14.566	FFCB-0000-0354-4FC8	AkioOtoma
2017-12-18 16:12:14.566	FFCB-0000-0354-4FC8	EanReese2807
2017-12-18 16:12:14.566	FFCB-0000-0354-4FC8	fabken
2017-12-18 16:12:14.566	FFCB-0000-0354-4FC8	hectororden
2017-12-18 16:12:14.566	FFCB-0000-0354-4FC8	ibukiokuya2010
2017-12-18 16:12:14.566	FFCB-0000-0354-4FC8	lawrence_buddy
2017-12-18 16:12:14.566	FFCB-0000-0354-4FC8	miloc2013
2017-12-18 16:12:14.566	FFCB-0000-0354-4FC8	OhioStateBuck
2017-12-18 16:12:14.566	FFCB-0000-0354-4FC8	ooharakiyomi
2018-01-16 20:04:40.076	FFCB-0000-0354-4FC8	polXL.nin
2017-12-18 16:12:14.566	FFCB-0000-0354-4FC8	randycascade
2017-12-18 16:12:14.566	FFCB-0000-0354-4FC8	RayTorresrt
2017-12-18 16:12:14.566	FFCB-0000-0354-4FC8	Thadeus_Gage
2017-12-18 16:12:14.566	FFCB-0000-0354-4FC8	xjoris805
2018-03-02 10:07:28.418	FFCC-0000-0308-7505	apoc_ze
2018-03-02 10:07:28.418	FFCC-0000-0308-7505	atsukitomohiro
2018-03-02 10:07:28.418	FFCC-0000-0308-7505	blizzblake2011
2018-03-02 10:07:28.418	FFCC-0000-0308-7505	fabiofrancesco
2018-03-02 10:07:28.418	FFCC-0000-0308-7505	Hamish.1106
2018-03-02 10:07:28.418	FFCC-0000-0308-7505	Joku-NNID
2018-03-02 10:07:28.418	FFCC-0000-0308-7505	KOPPY2013
2018-03-02 10:07:28.418	FFCC-0000-0308-7505	momorui753
2018-03-02 10:07:28.418	FFCC-0000-0308-7505	MUNIZMASTERS6009
2018-03-02 10:07:28.418	FFCC-0000-0308-7505	segawa3458
2018-03-02 10:07:28.418	FFCC-0000-0308-7505	SilverShe-Wolf
2018-03-02 10:07:28.418	FFCC-0000-0308-7505	sundae_petunia
2018-03-02 10:07:28.418	FFCC-0000-0308-7505	supervicio123
2018-03-02 10:07:28.418	FFCC-0000-0308-7505	terryjohn
2018-02-23 15:06:16.714	FFCC-0000-034A-ABE4	ally1959
2018-02-23 15:06:16.714	FFCC-0000-034A-ABE4	CHIPINOU13
2018-02-23 15:06:16.714	FFCC-0000-034A-ABE4	CleoLeon
2018-02-23 15:06:16.714	FFCC-0000-034A-ABE4	conra86
2018-02-23 15:06:16.714	FFCC-0000-034A-ABE4	davide8002
2018-02-23 15:06:16.714	FFCC-0000-034A-ABE4	HASE-234-678
2018-02-23 15:06:16.714	FFCC-0000-034A-ABE4	hide775234
2018-02-23 15:06:16.714	FFCC-0000-034A-ABE4	infinityDrOp
2018-02-23 15:06:16.714	FFCC-0000-034A-ABE4	megamente3333
2018-02-23 15:06:16.714	FFCC-0000-034A-ABE4	melona21
2018-02-23 15:06:16.714	FFCC-0000-034A-ABE4	MikeyBakes
2018-02-23 15:06:16.714	FFCC-0000-034A-ABE4	nico.andreas
2018-02-23 15:06:16.714	FFCC-0000-034A-ABE4	tamtammama
2017-12-18 16:12:17.736	FFCD-0000-0314-8EE3	510taeko
2017-12-18 16:12:17.736	FFCD-0000-0314-8EE3	abdullrhmaan
2017-12-18 16:12:17.736	FFCD-0000-0314-8EE3	Alex6420Random
2017-12-18 16:12:17.736	FFCD-0000-0314-8EE3	bartkrielen
2017-12-18 16:12:17.736	FFCD-0000-0314-8EE3	BulldogBros311
2017-12-18 16:12:17.736	FFCD-0000-0314-8EE3	carvelas
2017-12-18 16:12:17.736	FFCD-0000-0314-8EE3	CatHatRemote
2017-12-18 16:12:17.736	FFCD-0000-0314-8EE3	Cheesecakelord55
2017-12-18 16:12:17.736	FFCD-0000-0314-8EE3	cheeto45
2017-12-18 16:12:17.736	FFCD-0000-0314-8EE3	CHRISBOSS05
2017-12-18 16:12:17.736	FFCD-0000-0314-8EE3	ChumbleBumbles
2017-12-18 16:12:17.736	FFCD-0000-0314-8EE3	Co1212
2017-12-18 16:12:17.736	FFCD-0000-0314-8EE3	D4Pro20
2017-12-18 16:12:17.736	FFCD-0000-0314-8EE3	daimaru0920
2017-12-18 16:12:17.736	FFCD-0000-0314-8EE3	dallas0988
2017-12-18 16:12:17.736	FFCD-0000-0314-8EE3	DarinGirl
2017-12-18 16:12:17.736	FFCD-0000-0314-8EE3	DeadSoul2005
2017-12-18 16:12:17.736	FFCD-0000-0314-8EE3	dellbox2
2017-12-19 20:50:59.627	FFCD-0000-0314-8EE3	dynamowrench64
2018-02-20 16:58:30.12	FFCD-0000-0314-8EE3	elfstorm40
2018-01-02 07:29:52.086	FFCD-0000-0314-8EE3	ExileOnMainSt.90
2017-12-18 16:12:17.736	FFCD-0000-0314-8EE3	fernando0504
2017-12-18 16:12:17.736	FFCD-0000-0314-8EE3	FluffCouch
2017-12-18 16:12:17.736	FFCD-0000-0314-8EE3	hiin72123
2018-01-31 15:53:50.273	FFCD-0000-0314-8EE3	himawarirukitomo
2018-01-02 07:29:52.086	FFCD-0000-0314-8EE3	hitomikonishi
2017-12-18 16:12:17.736	FFCD-0000-0314-8EE3	HTA2007
2017-12-18 16:12:17.736	FFCD-0000-0314-8EE3	hugipotatoes
2017-12-18 16:12:17.736	FFCD-0000-0314-8EE3	HunterDotDotDotD
2017-12-18 16:12:17.736	FFCD-0000-0314-8EE3	IsaacandBrandon
2017-12-18 16:12:17.736	FFCD-0000-0314-8EE3	Jamjar20
2017-12-18 16:12:17.736	FFCD-0000-0314-8EE3	javosmac
2017-12-18 16:12:17.736	FFCD-0000-0314-8EE3	karimRAUL
2017-12-18 16:12:17.736	FFCD-0000-0314-8EE3	kiriito12
2017-12-18 16:12:17.736	FFCD-0000-0314-8EE3	kissmachine
2017-12-18 16:12:17.736	FFCD-0000-0314-8EE3	koami.com
2018-01-31 15:53:50.273	FFCD-0000-0314-8EE3	koneftree
2018-02-20 16:58:30.12	FFCD-0000-0314-8EE3	lingar123
2017-12-18 16:12:17.736	FFCD-0000-0314-8EE3	logan5596
2017-12-18 16:12:17.736	FFCD-0000-0314-8EE3	Marcio93
2017-12-18 16:12:17.736	FFCD-0000-0314-8EE3	Mathys5450
2018-01-31 15:53:50.273	FFCD-0000-0314-8EE3	mau2000xd
2017-12-18 16:12:17.736	FFCD-0000-0314-8EE3	milin21
2017-12-18 16:12:17.736	FFCD-0000-0314-8EE3	mitsuko-n-0624
2017-12-18 16:12:17.736	FFCD-0000-0314-8EE3	moaisthebest1232
2018-01-31 15:53:50.273	FFCD-0000-0314-8EE3	moose2114
2017-12-18 16:12:17.736	FFCD-0000-0314-8EE3	MPordes30
2017-12-18 16:12:17.736	FFCD-0000-0314-8EE3	MRJ8746
2017-12-18 16:12:17.736	FFCD-0000-0314-8EE3	NCP91S
2018-01-31 15:53:50.273	FFCD-0000-0314-8EE3	nemi-lou
2017-12-18 16:12:17.736	FFCD-0000-0314-8EE3	Nick78140
2017-12-18 16:12:17.736	FFCD-0000-0314-8EE3	ninostellez
2017-12-18 16:12:17.736	FFCD-0000-0314-8EE3	NoCheatJustSkill
2017-12-18 16:12:17.736	FFCD-0000-0314-8EE3	OfficialBlacky
2017-12-18 16:12:17.736	FFCD-0000-0314-8EE3	ooita.5
2017-12-18 16:12:17.736	FFCD-0000-0314-8EE3	penningtonfamily
2017-12-18 16:12:17.736	FFCD-0000-0314-8EE3	Person106
2017-12-18 16:12:17.736	FFCD-0000-0314-8EE3	PPCDSALVC69
2017-12-18 16:12:17.736	FFCD-0000-0314-8EE3	R3cycl3dgoods01
2017-12-18 16:12:17.736	FFCD-0000-0314-8EE3	RaenUE
2017-12-18 16:12:17.736	FFCD-0000-0314-8EE3	riseyukichi0120
2017-12-18 16:12:17.736	FFCD-0000-0314-8EE3	RussellDoge
2017-12-18 16:12:17.736	FFCD-0000-0314-8EE3	rustfam
2017-12-18 16:12:17.736	FFCD-0000-0314-8EE3	RybossandAlina55
2017-12-18 16:12:17.736	FFCD-0000-0314-8EE3	sakozaru_7
2018-01-31 15:53:50.273	FFCD-0000-0314-8EE3	santicobros
2017-12-18 16:12:17.736	FFCD-0000-0314-8EE3	sapphire2014
2017-12-18 16:12:17.736	FFCD-0000-0314-8EE3	shiloydany
2018-02-20 22:22:08.803	FFCD-0000-0314-8EE3	shunpacgi.i
2017-12-18 16:12:17.736	FFCD-0000-0314-8EE3	Sinsidia
2017-12-18 16:12:17.736	FFCD-0000-0314-8EE3	siorangen
2018-01-12 12:23:28.437	FFCD-0000-0314-8EE3	smith_200607
2017-12-18 16:12:17.736	FFCD-0000-0314-8EE3	Socks87
2017-12-18 16:12:17.736	FFCD-0000-0314-8EE3	suemitu.gogo
2017-12-18 16:12:17.736	FFCD-0000-0314-8EE3	tagohisa1018
2017-12-18 16:12:17.736	FFCD-0000-0314-8EE3	The5Boys
2017-12-18 16:12:17.736	FFCD-0000-0314-8EE3	TheBestUserEver
2017-12-18 16:12:17.736	FFCD-0000-0314-8EE3	thisdanger123
2017-12-18 16:12:17.736	FFCD-0000-0314-8EE3	Toadventuuuuuure
2018-01-31 15:53:50.273	FFCD-0000-0314-8EE3	Tofi-Martel
2017-12-18 16:12:17.736	FFCD-0000-0314-8EE3	tominagayuuto
2017-12-18 16:12:17.736	FFCD-0000-0314-8EE3	tomiyahianmiku6
2017-12-18 16:12:17.736	FFCD-0000-0314-8EE3	tomoki2315
2018-02-20 16:58:30.12	FFCD-0000-0314-8EE3	tore-cool
2017-12-18 16:12:17.736	FFCD-0000-0314-8EE3	ukita619
2017-12-18 16:12:17.736	FFCD-0000-0314-8EE3	umin7788
2017-12-18 16:12:17.736	FFCD-0000-0314-8EE3	vgz765DGK159B
2017-12-18 16:12:17.736	FFCD-0000-0314-8EE3	vichugo98
2018-02-20 16:58:30.12	FFCD-0000-0314-8EE3	WATANABE700
2017-12-18 16:12:17.736	FFCD-0000-0314-8EE3	WiteHawtGoo
2017-12-18 16:12:17.736	FFCD-0000-0314-8EE3	W-SHUTO
2018-01-13 05:25:08.005	FFCD-0000-0314-8EE3	yonikiriaty
2017-12-18 16:12:17.736	FFCD-0000-0314-8EE3	zach200915
2018-02-20 16:58:30.12	FFCD-0000-0314-8EE3	ZacharyBoy
2018-02-23 15:06:18.486	FFCE-0000-0315-A80E	3DSXL-ERIC
2018-02-23 15:06:18.486	FFCE-0000-0315-A80E	chibaakira
2018-02-23 15:06:18.486	FFCE-0000-0315-A80E	kutty13
2018-02-23 15:06:18.486	FFCE-0000-0315-A80E	pittspitts
2018-02-23 15:06:18.486	FFCE-0000-0315-A80E	SamuelTorres8
2018-02-23 15:06:18.486	FFCE-0000-0315-A80E	thomasheiser
2018-02-23 15:06:18.486	FFCE-0000-0315-A80E	Titoine_bulldog
2018-03-02 10:07:31.014	FFCE-0000-0321-29E9	032975
2018-03-02 10:07:31.014	FFCE-0000-0321-29E9	4182qqqq
2018-03-02 10:07:31.014	FFCE-0000-0321-29E9	a690k0m6
2018-03-02 10:07:31.014	FFCE-0000-0321-29E9	Adriano9999
2018-03-04 13:56:24.703	FFCE-0000-0321-29E9	AlexanderAraujo5
2018-03-02 10:07:31.014	FFCE-0000-0321-29E9	BENjamin5667
2018-03-02 10:07:31.014	FFCE-0000-0321-29E9	Bestvegeta
2018-03-02 10:07:31.014	FFCE-0000-0321-29E9	BigCLoNoodles847
2018-03-02 10:07:31.014	FFCE-0000-0321-29E9	CaptainAjamier19
2018-03-02 10:07:31.014	FFCE-0000-0321-29E9	Diving1666
2018-03-02 10:07:31.014	FFCE-0000-0321-29E9	ejvmii
2018-03-02 10:07:31.014	FFCE-0000-0321-29E9	eltrain10380
2018-03-02 10:07:31.014	FFCE-0000-0321-29E9	franquito1
2018-03-02 10:07:31.014	FFCE-0000-0321-29E9	Gallardo_21ab
2018-03-02 10:07:31.014	FFCE-0000-0321-29E9	HorizonRising
2018-03-02 10:07:31.014	FFCE-0000-0321-29E9	J0llyTr3nt
2018-03-10 21:59:26.709	FFCE-0000-0321-29E9	jocotepec73
2018-03-02 10:07:31.014	FFCE-0000-0321-29E9	JustinMut
2018-03-02 10:07:31.014	FFCE-0000-0321-29E9	keisukeryogo
2018-03-02 10:07:31.014	FFCE-0000-0321-29E9	makinii0728
2018-03-02 10:07:31.014	FFCE-0000-0321-29E9	MannyKaty
2018-03-02 10:07:31.014	FFCE-0000-0321-29E9	mega-mewtu
2018-03-02 10:07:31.014	FFCE-0000-0321-29E9	MemePower5
2018-03-02 10:07:31.014	FFCE-0000-0321-29E9	Mikelin97
2018-03-02 10:07:31.014	FFCE-0000-0321-29E9	nacarsacan
2018-03-02 10:07:31.014	FFCE-0000-0321-29E9	nakazawanaoya
2018-03-02 10:07:31.014	FFCE-0000-0321-29E9	Neroangels001
2018-03-02 10:07:31.014	FFCE-0000-0321-29E9	Pieps803
2018-03-02 10:07:31.014	FFCE-0000-0321-29E9	QUEENno1fan
2018-03-02 10:07:31.014	FFCE-0000-0321-29E9	sam67530
2018-03-02 10:07:31.014	FFCE-0000-0321-29E9	shinyu1329
2018-03-02 10:07:31.014	FFCE-0000-0321-29E9	sion1138
2018-03-02 10:07:31.014	FFCE-0000-0321-29E9	SuperAlex101
2018-03-02 10:07:31.014	FFCE-0000-0321-29E9	swifter12
2018-03-02 10:07:31.014	FFCE-0000-0321-29E9	Syre55
2018-03-02 10:07:31.014	FFCE-0000-0321-29E9	SyunSyunsei12345
2018-03-02 10:07:31.014	FFCE-0000-0321-29E9	theodorepall
2018-03-02 10:07:31.014	FFCE-0000-0321-29E9	tibikuro007
2018-03-02 10:07:31.014	FFCE-0000-0321-29E9	toybonnie87
2018-03-02 10:07:31.014	FFCE-0000-0321-29E9	ts09044
2018-03-02 10:07:31.014	FFCE-0000-0321-29E9	wdffky9
2017-12-18 16:12:19.6	FFCE-0000-0355-9D13	1204ayuka
2017-12-18 16:12:19.6	FFCE-0000-0355-9D13	514585nickmarian
2017-12-18 16:12:19.6	FFCE-0000-0355-9D13	barryp1966
2017-12-18 16:12:19.6	FFCE-0000-0355-9D13	BigKronk
2017-12-18 16:12:19.6	FFCE-0000-0355-9D13	BlueNinjaBx
2017-12-18 16:12:19.6	FFCE-0000-0355-9D13	chaos0769
2018-02-20 16:58:31.959	FFCE-0000-0355-9D13	denebu
2018-01-02 07:29:53.686	FFCE-0000-0355-9D13	diabolo69jar
2017-12-18 16:12:19.6	FFCE-0000-0355-9D13	EvilZero360
2017-12-18 16:12:19.6	FFCE-0000-0355-9D13	F.Ford
2017-12-18 16:12:19.6	FFCE-0000-0355-9D13	FloridaBus
2017-12-18 16:12:19.6	FFCE-0000-0355-9D13	griffey1984
2017-12-18 16:12:19.6	FFCE-0000-0355-9D13	jacky1303
2017-12-18 16:12:19.6	FFCE-0000-0355-9D13	k07228
2017-12-18 16:12:19.6	FFCE-0000-0355-9D13	kentnk23
2017-12-18 16:12:19.6	FFCE-0000-0355-9D13	KianTark
2017-12-18 16:12:19.6	FFCE-0000-0355-9D13	opipimaru
2017-12-18 16:12:19.6	FFCE-0000-0355-9D13	OwenGrady555
2017-12-18 16:12:19.6	FFCE-0000-0355-9D13	Pelon1208
2017-12-18 16:12:19.6	FFCE-0000-0355-9D13	pixelfire749
2017-12-18 16:12:19.6	FFCE-0000-0355-9D13	riveraboys2015
2017-12-18 16:12:19.6	FFCE-0000-0355-9D13	Rocking.Life
2018-01-12 18:56:38.187	FFCE-0000-0355-9D13	ryliewinter
2018-01-02 07:29:53.686	FFCE-0000-0355-9D13	sa1005kl
2017-12-18 16:12:19.6	FFCE-0000-0355-9D13	SinisterLady13
2017-12-18 16:12:19.6	FFCE-0000-0355-9D13	stephenfoster
2017-12-18 16:12:19.6	FFCE-0000-0355-9D13	synauj10
2017-12-18 16:12:19.6	FFCE-0000-0355-9D13	umarpreet
2018-02-20 16:58:31.959	FFCE-0000-0355-9D13	Water_vapors
2017-12-18 16:12:19.6	FFCE-0000-0355-9D13	youta63
2018-02-23 15:06:20.086	FFCF-0000-0323-D6A9	AlbertGomez123
2018-02-23 15:06:20.086	FFCF-0000-0323-D6A9	AngelRexx
2018-02-23 15:06:20.086	FFCF-0000-0323-D6A9	filou-felix.1234
2018-02-23 15:06:20.086	FFCF-0000-0323-D6A9	hj-krasser
2018-02-23 15:06:20.086	FFCF-0000-0323-D6A9	jackb2416
2018-02-23 15:06:20.086	FFCF-0000-0323-D6A9	jen1681
2018-02-23 15:06:20.086	FFCF-0000-0323-D6A9	landongsmith
2018-02-23 15:06:20.086	FFCF-0000-0323-D6A9	larbi1881
2018-02-23 15:06:20.086	FFCF-0000-0323-D6A9	Lolerz1120
2018-02-23 15:06:20.086	FFCF-0000-0323-D6A9	luchawwe2
2018-02-23 15:06:20.086	FFCF-0000-0323-D6A9	nobisencho
2018-02-23 15:06:20.086	FFCF-0000-0323-D6A9	oedouglas
2018-02-23 15:06:20.086	FFCF-0000-0323-D6A9	springbok021
2018-02-23 15:06:20.086	FFCF-0000-0323-D6A9	st888888
2018-02-23 15:06:20.086	FFCF-0000-0323-D6A9	sugharbabylove
2018-02-23 15:06:20.086	FFCF-0000-0323-D6A9	Toma2006
2018-02-23 15:06:20.086	FFCF-0000-0323-D6A9	tori-12311
2017-12-18 16:12:21.053	FFCF-0000-0347-3EB6	Alexrobe3
2017-12-18 16:12:21.053	FFCF-0000-0347-3EB6	Aronick
2017-12-18 16:12:21.053	FFCF-0000-0347-3EB6	BigBilly2010
2018-02-20 16:58:34.629	FFCF-0000-0347-3EB6	Cams_Fat_Burger
2018-02-20 16:58:34.629	FFCF-0000-0347-3EB6	Capo-Tiv
2018-01-31 15:53:53.903	FFCF-0000-0347-3EB6	ColeHamels1
2017-12-18 16:12:21.053	FFCF-0000-0347-3EB6	Cuddly_KAB
2017-12-18 16:12:21.053	FFCF-0000-0347-3EB6	jake030502
2017-12-18 16:12:21.053	FFCF-0000-0347-3EB6	justgettinit
2017-12-18 16:12:21.053	FFCF-0000-0347-3EB6	Milofu
2017-12-18 16:12:21.053	FFCF-0000-0347-3EB6	mimile1979
2018-03-06 10:32:56.741	FFCF-0000-0358-3895	keyoppi
2017-12-18 16:12:21.053	FFCF-0000-0347-3EB6	n8a19o
2017-12-18 16:12:21.053	FFCF-0000-0347-3EB6	OrangeSquidKid67
2018-02-20 16:58:34.629	FFCF-0000-0347-3EB6	RobinNicoF
2018-02-20 16:58:34.629	FFCF-0000-0347-3EB6	samballs2010
2017-12-18 16:12:21.053	FFCF-0000-0347-3EB6	Sarah_Wlan
2018-02-21 07:15:07.431	FFCF-0000-0347-3EB6	shmoutman
2017-12-18 16:12:21.053	FFCF-0000-0347-3EB6	Spielkind_R
2018-01-15 01:30:19.008	FFCF-0000-0347-3EB6	SUPERALEXMARIO78
2017-12-18 16:12:21.053	FFCF-0000-0347-3EB6	tajajara416
2017-12-18 16:12:21.053	FFCF-0000-0347-3EB6	vanden7plas
2017-12-18 16:12:21.053	FFCF-0000-0347-3EB6	Zomdox
2017-12-18 16:12:22.353	FFCF-0000-0352-913C	adonijah2009
2017-12-18 16:12:22.353	FFCF-0000-0352-913C	Daniel.Leyva
2017-12-18 16:12:22.353	FFCF-0000-0352-913C	gianlumorgan
2017-12-18 16:12:22.353	FFCF-0000-0352-913C	kanata2708
2017-12-18 16:12:22.353	FFCF-0000-0352-913C	matsumocchan
2018-01-31 15:53:55.328	FFCF-0000-0352-913C	NEESHEMO
2018-02-23 15:06:25.094	FFCF-0000-0358-3895	054395
2018-02-23 15:06:25.094	FFCF-0000-0358-3895	0608yae
2018-02-23 15:06:25.094	FFCF-0000-0358-3895	ai0923.5
2018-02-23 15:06:25.094	FFCF-0000-0358-3895	AIRAM7
2018-02-23 15:06:25.094	FFCF-0000-0358-3895	AloesCN
2018-02-23 15:06:25.094	FFCF-0000-0358-3895	android_5896
2018-02-23 15:06:25.094	FFCF-0000-0358-3895	araikazoku
2018-03-04 17:13:00.092	FFCF-0000-0358-3895	arisanti
2018-02-23 15:06:25.094	FFCF-0000-0358-3895	asai3104
2018-02-23 15:06:25.094	FFCF-0000-0358-3895	ayako0602
2018-03-04 18:06:39.443	FFCF-0000-0358-3895	BaconisHamazing2
2018-03-13 13:38:43.069	FFCF-0000-0358-3895	Basilika
2018-02-23 15:06:25.094	FFCF-0000-0358-3895	betos192
2018-02-23 15:06:25.094	FFCF-0000-0358-3895	blancaoscar
2018-03-13 22:11:56.065	FFCF-0000-0358-3895	boltar72
2018-02-23 15:06:25.094	FFCF-0000-0358-3895	BRADY466
2018-03-04 15:25:42.608	FFCF-0000-0358-3895	caboose-1
2018-02-23 15:06:25.094	FFCF-0000-0358-3895	caeaoa
2018-02-23 15:06:25.094	FFCF-0000-0358-3895	chavon94
2018-02-23 15:06:25.094	FFCF-0000-0358-3895	chiruchirururu
2018-02-23 15:06:25.094	FFCF-0000-0358-3895	Conducteur59220
2018-03-01 09:50:09.306	FFCF-0000-0358-3895	corvincool
2018-02-23 15:06:25.094	FFCF-0000-0358-3895	cowboye123
2018-02-23 15:06:25.094	FFCF-0000-0358-3895	daipapachan
2018-02-23 15:06:25.094	FFCF-0000-0358-3895	davidjmk
2018-02-23 15:06:25.094	FFCF-0000-0358-3895	Davidwild
2018-02-23 15:06:25.094	FFCF-0000-0358-3895	Dr.Scuzzbuckage
2018-02-23 15:06:25.094	FFCF-0000-0358-3895	dungeonboss
2018-03-06 02:25:16.547	FFCF-0000-0358-3895	edgardo02
2018-02-23 15:06:25.094	FFCF-0000-0358-3895	eric826
2018-02-23 15:06:25.094	FFCF-0000-0358-3895	FELIPEBOTELLO
2018-02-23 15:06:25.094	FFCF-0000-0358-3895	Feuxdelamoule
2018-02-23 15:06:25.094	FFCF-0000-0358-3895	FIX_AND_LIST
2018-03-13 09:02:58.574	FFCF-0000-0358-3895	FlavienAurelien
2018-02-23 15:06:25.094	FFCF-0000-0358-3895	flavio09
2018-03-01 09:50:09.306	FFCF-0000-0358-3895	floreskonecny
2018-02-23 15:06:25.094	FFCF-0000-0358-3895	fuuga-t-0619
2018-03-07 18:16:39.934	FFCF-0000-0358-3895	Garryowen05
2018-03-03 17:41:04.795	FFCF-0000-0358-3895	Geldies
2018-02-23 15:06:25.094	FFCF-0000-0358-3895	Ghighidi
2018-03-03 21:16:53.77	FFCF-0000-0358-3895	gosuke0513
2018-02-23 15:06:25.094	FFCF-0000-0358-3895	hakuto.f
2018-02-23 15:06:25.094	FFCF-0000-0358-3895	hamburguesa12345
2018-02-23 15:06:25.094	FFCF-0000-0358-3895	happyharuma
2018-02-23 15:06:25.094	FFCF-0000-0358-3895	harivalde
2018-02-23 15:06:25.094	FFCF-0000-0358-3895	Haruto0508y
2018-02-23 15:06:25.094	FFCF-0000-0358-3895	HD0_cr11
2018-02-23 15:06:25.094	FFCF-0000-0358-3895	hedauxna
2018-02-23 15:06:25.094	FFCF-0000-0358-3895	hernandez1475
2018-02-23 15:06:25.094	FFCF-0000-0358-3895	HIKARU.M.625
2018-03-01 09:50:09.306	FFCF-0000-0358-3895	HypeSquad
2018-03-06 16:54:27.857	FFCF-0000-0358-3895	indien1966
2018-02-23 15:06:25.094	FFCF-0000-0358-3895	izombie52
2018-02-23 15:06:25.094	FFCF-0000-0358-3895	james670
2018-02-23 15:06:25.094	FFCF-0000-0358-3895	jiliebum
2018-02-23 15:06:25.094	FFCF-0000-0358-3895	jorigojorigo
2018-02-23 15:06:25.094	FFCF-0000-0358-3895	joseph_picot
2018-02-23 15:06:25.094	FFCF-0000-0358-3895	jun5841
2018-02-23 15:06:25.094	FFCF-0000-0358-3895	kazuto48
2018-02-23 15:06:25.094	FFCF-0000-0358-3895	kimnbud
2018-03-09 06:49:22.965	FFCF-0000-0358-3895	kiriko0807
2018-03-10 06:19:35.279	FFCF-0000-0358-3895	kluukje
2018-02-23 15:06:25.094	FFCF-0000-0358-3895	knuckle47fl
2018-02-23 15:06:25.094	FFCF-0000-0358-3895	kokikokikohky
2018-03-06 10:32:56.741	FFCF-0000-0358-3895	kyoujiro0724
2018-02-23 15:06:25.094	FFCF-0000-0358-3895	kyousuke666
2018-02-23 15:06:25.094	FFCF-0000-0358-3895	loveandseiya
2018-03-04 16:19:39.389	FFCF-0000-0358-3895	LuigiLangellus
2018-02-23 15:06:25.094	FFCF-0000-0358-3895	luizsonic2
2018-02-23 15:06:25.094	FFCF-0000-0358-3895	Luna2Ravenclaw
2018-02-23 15:06:25.094	FFCF-0000-0358-3895	Mario1UPkoopa
2018-03-01 09:50:09.306	FFCF-0000-0358-3895	markodelrey35
2018-02-23 15:06:25.094	FFCF-0000-0358-3895	maroni77
2018-02-23 15:06:25.094	FFCF-0000-0358-3895	mayuchan1210
2018-02-23 15:06:25.094	FFCF-0000-0358-3895	Merol666
2018-03-01 09:50:09.306	FFCF-0000-0358-3895	MettatonEX77
2018-02-23 15:06:25.094	FFCF-0000-0358-3895	miu0924
2018-02-23 15:06:25.094	FFCF-0000-0358-3895	motakun2114
2018-03-04 18:06:39.443	FFCF-0000-0358-3895	Mylenepelletier
2018-02-23 15:06:25.094	FFCF-0000-0358-3895	Nadinatron
2018-02-23 15:06:25.094	FFCF-0000-0358-3895	nakayosi4gumi
2018-02-23 15:06:25.094	FFCF-0000-0358-3895	nanadodo70
2018-03-12 20:11:48.101	FFCF-0000-0358-3895	nathan_ohlendorf
2018-02-23 15:06:25.094	FFCF-0000-0358-3895	Oliver070320
2018-02-23 15:06:25.094	FFCF-0000-0358-3895	OPTVgaming
2018-02-23 15:06:25.094	FFCF-0000-0358-3895	OwenGrady
2018-02-23 15:06:25.094	FFCF-0000-0358-3895	piederp
2018-02-23 15:06:25.094	FFCF-0000-0358-3895	Pinto25
2018-02-23 15:06:25.094	FFCF-0000-0358-3895	Plusbellelavie5
2018-02-23 15:06:25.094	FFCF-0000-0358-3895	PrimeSquid
2018-02-23 15:06:25.094	FFCF-0000-0358-3895	qprmk168
2018-03-03 18:35:26.436	FFCF-0000-0358-3895	RachelJian
2018-02-23 15:06:25.094	FFCF-0000-0358-3895	ragnarok73_swe
2018-02-23 15:06:25.094	FFCF-0000-0358-3895	ralph.benjamin
2018-02-23 15:06:25.094	FFCF-0000-0358-3895	rere906
2018-03-04 18:06:39.443	FFCF-0000-0358-3895	rhunt1
2018-03-03 16:47:07.715	FFCF-0000-0358-3895	RndmStormtrooper
2018-02-23 15:06:25.094	FFCF-0000-0358-3895	Rounin41
2018-02-23 15:06:25.094	FFCF-0000-0358-3895	RURI333HRIRU777H
2018-02-23 15:06:25.094	FFCF-0000-0358-3895	Sanctuario
2018-02-23 15:06:25.094	FFCF-0000-0358-3895	saturn_erick
2018-02-23 15:06:25.094	FFCF-0000-0358-3895	shailo1996
2018-03-01 09:50:09.306	FFCF-0000-0358-3895	shawn_bobby
2018-02-23 15:06:25.094	FFCF-0000-0358-3895	shoreandsonny
2018-03-01 09:50:09.306	FFCF-0000-0358-3895	smashersplatter0
2018-02-23 15:06:25.094	FFCF-0000-0358-3895	smerck25
2018-03-01 09:50:09.306	FFCF-0000-0358-3895	SmilingSun2222
2018-02-23 15:06:25.094	FFCF-0000-0358-3895	SodaMuffin
2018-02-23 15:06:25.094	FFCF-0000-0358-3895	StefffeL
2018-02-23 15:06:25.094	FFCF-0000-0358-3895	SU-PA-HI-RO-KAI
2018-02-23 15:06:25.094	FFCF-0000-0358-3895	taitai5959
2018-03-03 16:47:07.715	FFCF-0000-0358-3895	tajonislee
2018-03-01 09:50:09.306	FFCF-0000-0358-3895	Terminator10125
2018-02-23 15:06:25.094	FFCF-0000-0358-3895	Tim0442
2018-02-23 15:06:25.094	FFCF-0000-0358-3895	toshio0413
2018-02-23 15:06:25.094	FFCF-0000-0358-3895	treed44
2018-02-23 15:06:25.094	FFCF-0000-0358-3895	Tylano64
2018-02-23 15:06:25.094	FFCF-0000-0358-3895	uichann
2018-02-23 15:06:25.094	FFCF-0000-0358-3895	UriPro
2018-02-23 15:06:25.094	FFCF-0000-0358-3895	west48
2018-03-07 18:16:39.934	FFCF-0000-0358-3895	wiiu_miyu
2018-02-23 15:06:25.094	FFCF-0000-0358-3895	wk7676
2018-02-23 15:06:25.094	FFCF-0000-0358-3895	xaviae
2018-02-23 15:06:25.094	FFCF-0000-0358-3895	yo4yo4taka
2018-03-03 20:23:00.332	FFCF-0000-0358-3895	yoshiponpon730
2018-02-23 15:06:25.094	FFCF-0000-0358-3895	You-17
2018-02-23 15:06:25.094	FFCF-0000-0358-3895	Y.TIREX
2018-02-23 15:06:25.094	FFCF-0000-0358-3895	yujimoriya
2018-02-23 15:06:25.094	FFCF-0000-0358-3895	zzzethanzzz
2018-02-23 15:06:26.32	FFD0-0000-0351-399F	ambre4511
2018-02-23 15:06:26.32	FFD0-0000-0351-399F	conkistawa
2018-02-23 15:06:26.32	FFD0-0000-0351-399F	Florecoeur
2018-02-23 15:06:26.32	FFD0-0000-0351-399F	hameron321
2018-02-23 15:06:26.32	FFD0-0000-0351-399F	hirotomomisaki
2018-02-23 15:06:26.32	FFD0-0000-0351-399F	Mehdi_S1987
2018-03-01 09:50:10.914	FFD0-0000-0351-399F	prepuzio
2018-02-23 15:06:26.32	FFD0-0000-0351-399F	rinarina0608
2018-02-23 15:06:26.32	FFD0-0000-0351-399F	shimada138512
2018-02-23 15:06:26.32	FFD0-0000-0351-399F	west48
2017-12-18 16:12:23.728	FFD0-0000-0363-F6A3	Anderson2018
2017-12-18 16:12:23.728	FFD0-0000-0363-F6A3	cesarjsb22
2017-12-18 16:12:23.728	FFD0-0000-0363-F6A3	Fivenightatsonic
2017-12-18 16:12:23.728	FFD0-0000-0363-F6A3	FrecklesRocket
2017-12-18 16:12:23.728	FFD0-0000-0363-F6A3	Giovanni-mujica
2017-12-18 16:12:23.728	FFD0-0000-0363-F6A3	kittycatsrule32
2017-12-18 16:12:23.728	FFD0-0000-0363-F6A3	Oshibwee
2017-12-18 16:12:23.728	FFD0-0000-0363-F6A3	Scoota97
2017-12-18 16:12:23.728	FFD0-0000-0363-F6A3	sebthebuggy
2017-12-18 16:12:23.728	FFD0-0000-0363-F6A3	syori.f
2017-12-18 16:12:23.728	FFD0-0000-0363-F6A3	TARG03
2017-12-18 16:12:23.728	FFD0-0000-0363-F6A3	Tough_Being
2017-12-18 16:12:23.728	FFD0-0000-0363-F6A3	Xx_OSCAR_xX12345
2017-12-18 16:12:23.728	FFD0-0000-0363-F6A3	yu-ta-au
2017-12-18 16:12:23.728	FFD0-0000-0363-F6A3	zzxxccvvbbnn1234
2017-12-18 16:12:26.271	FFD2-0000-0321-49D8	7023heath
2017-12-18 16:12:26.271	FFD2-0000-0321-49D8	Acrylgreen
2017-12-18 16:12:26.271	FFD2-0000-0321-49D8	Anja_Martini
2017-12-18 16:12:26.271	FFD2-0000-0321-49D8	audherber
2017-12-18 16:12:26.271	FFD2-0000-0321-49D8	axelcamila
2017-12-18 16:12:26.271	FFD2-0000-0321-49D8	b52ninja
2017-12-18 16:12:26.271	FFD2-0000-0321-49D8	bastosalgerie
2017-12-18 16:12:26.271	FFD2-0000-0321-49D8	Bear_971
2017-12-18 16:12:26.271	FFD2-0000-0321-49D8	ben101000
2018-02-20 16:58:39.53	FFD2-0000-0321-49D8	bewildered785
2017-12-18 16:12:26.271	FFD2-0000-0321-49D8	Bielini03
2017-12-18 16:12:26.271	FFD2-0000-0321-49D8	BigKahunaDakine
2017-12-18 16:12:26.271	FFD2-0000-0321-49D8	Braxton425
2017-12-18 16:12:26.271	FFD2-0000-0321-49D8	chamillitary300
2017-12-18 16:12:26.271	FFD2-0000-0321-49D8	chelseash23
2017-12-18 16:12:26.271	FFD2-0000-0321-49D8	ClaysAwesome
2017-12-18 16:12:26.271	FFD2-0000-0321-49D8	Danimalb38
2017-12-18 16:12:26.271	FFD2-0000-0321-49D8	DarkRaven_75
2017-12-18 16:12:26.271	FFD2-0000-0321-49D8	DeoSama
2017-12-18 16:12:26.271	FFD2-0000-0321-49D8	fasha68
2017-12-18 16:12:26.271	FFD2-0000-0321-49D8	getreal5lol
2017-12-18 16:12:26.271	FFD2-0000-0321-49D8	gregthepig9
2017-12-18 16:12:26.271	FFD2-0000-0321-49D8	holly50
2017-12-18 16:12:26.271	FFD2-0000-0321-49D8	hotdaug12323
2017-12-18 16:12:26.271	FFD2-0000-0321-49D8	hsierks
2017-12-18 16:12:26.271	FFD2-0000-0321-49D8	infinitumky8p
2017-12-18 16:12:26.271	FFD2-0000-0321-49D8	Jere81
2018-01-09 13:30:31.665	FFD2-0000-0321-49D8	jkglink
2017-12-18 16:12:26.271	FFD2-0000-0321-49D8	juanmyly
2017-12-18 16:12:26.271	FFD2-0000-0321-49D8	loulou-normandie
2017-12-18 16:12:26.271	FFD2-0000-0321-49D8	lovinglife100
2017-12-18 16:12:26.271	FFD2-0000-0321-49D8	Manuela2609
2018-01-31 15:53:58.689	FFD2-0000-0321-49D8	Marcelo.Telo
2017-12-18 16:12:26.271	FFD2-0000-0321-49D8	Mariomaker220
2017-12-18 16:12:59.249	FFED-0000-0331-F034	ll_nn17
2018-01-09 13:30:31.665	FFD2-0000-0321-49D8	mark_horizon
2017-12-18 16:12:26.271	FFD2-0000-0321-49D8	megaman918
2017-12-18 16:12:26.271	FFD2-0000-0321-49D8	minionmannion
2017-12-18 16:12:26.271	FFD2-0000-0321-49D8	ponkichi1102
2018-02-20 16:58:39.53	FFD2-0000-0321-49D8	rm1025
2017-12-18 16:12:26.271	FFD2-0000-0321-49D8	Robbie64
2017-12-18 16:12:26.271	FFD2-0000-0321-49D8	romainETraphael
2017-12-18 16:12:26.271	FFD2-0000-0321-49D8	Ruby_Allred
2017-12-18 16:12:26.271	FFD2-0000-0321-49D8	sdcg1910
2017-12-19 15:31:29.782	FFD2-0000-0321-49D8	shanikosh
2017-12-18 16:12:26.271	FFD2-0000-0321-49D8	SpalterBier
2018-01-16 18:40:09.856	FFD2-0000-0321-49D8	Super_Alex_O9
2018-01-15 14:13:40.15	FFD2-0000-0321-49D8	Swade317
2017-12-18 16:12:26.271	FFD2-0000-0321-49D8	TFC.1986
2017-12-18 16:12:26.271	FFD2-0000-0321-49D8	Timespark111
2017-12-18 16:12:26.271	FFD2-0000-0321-49D8	UIiwSD3
2017-12-18 16:12:26.271	FFD2-0000-0321-49D8	Victor_bale
2017-12-18 16:12:26.271	FFD2-0000-0321-49D8	willtheeagle
2018-02-23 15:06:29.037	FFD2-0000-033B-42A8	0907yssu
2018-02-23 15:06:29.037	FFD2-0000-033B-42A8	123leno
2018-02-23 15:06:29.037	FFD2-0000-033B-42A8	420Cloud9
2018-02-23 15:06:29.037	FFD2-0000-033B-42A8	ALBERTOAD
2018-03-01 09:50:14.356	FFD2-0000-033B-42A8	amak-0210-53
2018-02-23 15:06:29.037	FFD2-0000-033B-42A8	ared.cali11
2018-02-23 15:06:29.037	FFD2-0000-033B-42A8	Beaver120872
2018-03-07 20:03:50.074	FFD2-0000-033B-42A8	blipbloop5
2018-02-23 15:06:29.037	FFD2-0000-033B-42A8	bssam123456bssam
2018-03-02 21:58:04.554	FFD2-0000-033B-42A8	buddhaiswise
2018-03-11 21:19:10.089	FFD2-0000-033B-42A8	burgergirl3
2018-02-23 15:06:29.037	FFD2-0000-033B-42A8	cashewnutgang
2018-02-23 15:06:29.037	FFD2-0000-033B-42A8	Christian1521
2018-02-23 15:06:29.037	FFD2-0000-033B-42A8	claretianos2014
2018-02-23 15:06:29.037	FFD2-0000-033B-42A8	cmengwasser
2018-02-23 15:06:29.037	FFD2-0000-033B-42A8	Colin712
2018-02-23 15:06:29.037	FFD2-0000-033B-42A8	cory.lee8848
2018-02-23 15:06:29.037	FFD2-0000-033B-42A8	dad258
2018-02-23 15:06:29.037	FFD2-0000-033B-42A8	DaDiDoLe
2018-02-23 15:06:29.037	FFD2-0000-033B-42A8	demonhunter2233
2018-02-23 15:06:29.037	FFD2-0000-033B-42A8	Dimhirien
2018-02-23 15:06:29.037	FFD2-0000-033B-42A8	EvanCrusher22
2018-02-23 15:06:29.037	FFD2-0000-033B-42A8	gocookiego
2018-03-01 09:50:14.356	FFD2-0000-033B-42A8	gyzmo87
2018-02-23 15:06:29.037	FFD2-0000-033B-42A8	Hannahlong95
2018-03-01 09:50:14.356	FFD2-0000-033B-42A8	Hertzain
2018-02-23 15:06:29.037	FFD2-0000-033B-42A8	Het_Geleg
2018-02-23 15:06:29.037	FFD2-0000-033B-42A8	hoya214
2018-02-23 15:06:29.037	FFD2-0000-033B-42A8	irontemple
2018-03-07 20:03:50.074	FFD2-0000-033B-42A8	ItIsIWeeg
2018-02-23 15:06:29.037	FFD2-0000-033B-42A8	IZANMEN
2018-02-23 15:06:29.037	FFD2-0000-033B-42A8	J0ri-Jan
2018-02-23 15:06:29.037	FFD2-0000-033B-42A8	Jorinando
2018-02-23 15:06:29.037	FFD2-0000-033B-42A8	JuanDudc
2018-02-23 15:06:29.037	FFD2-0000-033B-42A8	kazu829
2018-02-23 15:06:29.037	FFD2-0000-033B-42A8	Lauw-Lauw-is-col
2018-02-23 15:06:29.037	FFD2-0000-033B-42A8	maksoud
2018-02-23 15:06:29.037	FFD2-0000-033B-42A8	mario110281
2018-02-23 15:06:29.037	FFD2-0000-033B-42A8	MartyV28
2018-02-23 15:06:29.037	FFD2-0000-033B-42A8	Marutobro
2018-02-23 15:06:29.037	FFD2-0000-033B-42A8	maxstreet
2018-02-23 15:06:29.037	FFD2-0000-033B-42A8	megacreeper20
2018-02-23 15:06:29.037	FFD2-0000-033B-42A8	minionbart
2018-02-23 15:06:29.037	FFD2-0000-033B-42A8	Nearbyart
2018-02-23 15:06:29.037	FFD2-0000-033B-42A8	PaulMax9705
2018-03-01 09:50:14.356	FFD2-0000-033B-42A8	pegasus-shouma
2018-02-23 15:06:29.037	FFD2-0000-033B-42A8	phrozen66
2018-02-23 15:06:29.037	FFD2-0000-033B-42A8	PIERRE67130
2018-02-23 15:06:29.037	FFD2-0000-033B-42A8	pipipopo
2018-02-23 15:06:29.037	FFD2-0000-033B-42A8	Pisapon
2018-02-23 15:06:29.037	FFD2-0000-033B-42A8	quilli
2018-02-23 15:06:29.037	FFD2-0000-033B-42A8	r-3636
2018-02-23 15:06:29.037	FFD2-0000-033B-42A8	raphaelgadou
2018-02-23 15:06:29.037	FFD2-0000-033B-42A8	rexi666
2018-02-23 15:06:29.037	FFD2-0000-033B-42A8	RiAction
2018-02-23 15:06:29.037	FFD2-0000-033B-42A8	riknighty
2018-02-23 15:06:29.037	FFD2-0000-033B-42A8	roman1905
2018-02-23 15:06:29.037	FFD2-0000-033B-42A8	rui9921
2018-02-23 15:06:29.037	FFD2-0000-033B-42A8	Ruty954
2018-02-23 15:06:29.037	FFD2-0000-033B-42A8	SamieseCat
2018-02-23 15:06:29.037	FFD2-0000-033B-42A8	sharonpochongofc
2018-02-23 15:06:29.037	FFD2-0000-033B-42A8	shigetaka0820
2018-02-23 15:06:29.037	FFD2-0000-033B-42A8	simbarns
2018-02-23 15:06:29.037	FFD2-0000-033B-42A8	sloshymanx
2018-02-23 15:06:29.037	FFD2-0000-033B-42A8	StatwarsSam
2018-02-23 15:06:29.037	FFD2-0000-033B-42A8	tackey818
2018-02-23 15:06:29.037	FFD2-0000-033B-42A8	taikichi0512
2018-02-23 15:06:29.037	FFD2-0000-033B-42A8	TakatoSyoyma
2018-02-23 15:06:29.037	FFD2-0000-033B-42A8	The-Checkers
2018-02-23 15:06:29.037	FFD2-0000-033B-42A8	thewhittfamily
2018-02-23 15:06:29.037	FFD2-0000-033B-42A8	wesselmen
2018-03-01 09:50:14.356	FFD2-0000-033B-42A8	X_8_Bit_TAB_X
2018-02-23 15:06:29.037	FFD2-0000-033B-42A8	Yauchler1
2018-02-23 15:06:29.037	FFD2-0000-033B-42A8	YoboiG
2017-12-18 16:12:27.918	FFD3-0000-031C-E260	les_wii
2017-12-18 16:12:27.918	FFD3-0000-031C-E260	Mike0222
2017-12-18 16:12:27.918	FFD3-0000-031C-E260	MR.PEYTON14
2017-12-18 16:12:27.918	FFD3-0000-031C-E260	ryota-ide
2017-12-18 16:12:29.91	FFD3-0000-0345-AA3A	botto16
2017-12-18 16:12:29.91	FFD3-0000-0345-AA3A	darien27
2018-02-20 16:58:42.621	FFD3-0000-0345-AA3A	GreenPig20
2017-12-18 16:12:29.91	FFD3-0000-0345-AA3A	Jordan512
2017-12-18 16:12:29.91	FFD3-0000-0345-AA3A	S500126
2018-02-23 15:06:30.482	FFD4-0000-032B-89E0	aloha.anzi
2018-02-23 15:06:30.482	FFD4-0000-032B-89E0	Aslanege
2018-02-23 15:06:30.482	FFD4-0000-032B-89E0	edgar2256
2018-02-23 15:06:30.482	FFD4-0000-032B-89E0	laowang438
2018-02-23 15:06:30.482	FFD4-0000-032B-89E0	maikelruiz2011
2018-02-23 15:06:30.482	FFD4-0000-032B-89E0	mokoru1009
2018-02-23 15:06:30.482	FFD4-0000-032B-89E0	pocchama2004
2018-02-23 15:06:30.482	FFD4-0000-032B-89E0	redboy1314
2017-12-18 16:12:31.457	FFD4-0000-0331-0129	broham896
2017-12-18 16:12:31.457	FFD4-0000-0331-0129	Mounten101
2017-12-18 16:12:31.457	FFD4-0000-0331-0129	SeanPolaris
2017-12-18 16:12:32.826	FFD4-0000-0350-625B	CatBug999
2017-12-18 16:12:32.826	FFD4-0000-0350-625B	CoolDude0915
2017-12-18 16:12:32.826	FFD4-0000-0350-625B	efekuto
2017-12-18 16:12:32.826	FFD4-0000-0350-625B	enderman454
2017-12-18 16:12:32.826	FFD4-0000-0350-625B	Eolann111
2017-12-18 16:12:32.826	FFD4-0000-0350-625B	Jonaslengauer
2017-12-18 16:12:32.826	FFD4-0000-0350-625B	junbe.com
2017-12-18 16:12:32.826	FFD4-0000-0350-625B	komo-0110
2017-12-18 16:12:32.826	FFD4-0000-0350-625B	mcelroy1
2017-12-18 16:12:32.826	FFD4-0000-0350-625B	melonbasti
2017-12-18 16:12:32.826	FFD4-0000-0350-625B	Memeaboo_Desu
2018-01-02 07:30:07.66	FFD4-0000-0350-625B	Padillon
2017-12-18 16:12:32.826	FFD4-0000-0350-625B	SlimJoe318
2017-12-18 16:12:32.826	FFD4-0000-0350-625B	Swaishii
2017-12-18 16:12:32.826	FFD4-0000-0350-625B	tangent132
2017-12-18 16:12:32.826	FFD4-0000-0350-625B	TheDunnFamily
2018-01-09 13:30:38.293	FFD4-0000-0350-625B	ToonPhoenix
2017-12-18 16:12:32.826	FFD4-0000-0350-625B	Yoshihs
2018-03-02 10:07:32.613	FFD4-0000-0363-EF3D	Christian.xi
2018-03-02 10:07:32.613	FFD4-0000-0363-EF3D	Cruxin
2018-03-02 10:07:32.613	FFD4-0000-0363-EF3D	goatman44
2018-03-02 10:07:32.613	FFD4-0000-0363-EF3D	Iseyopo
2018-03-02 10:07:32.613	FFD4-0000-0363-EF3D	JairSurz30
2018-03-02 10:07:32.613	FFD4-0000-0363-EF3D	KingStunna
2018-03-02 10:07:32.613	FFD4-0000-0363-EF3D	locksamox
2018-03-02 10:07:32.613	FFD4-0000-0363-EF3D	rakaraka562
2018-03-02 10:07:32.613	FFD4-0000-0363-EF3D	rk5rk5
2018-02-23 15:06:32.221	FFD7-0000-030E-B8EA	369370
2018-02-23 15:06:32.221	FFD7-0000-030E-B8EA	AlmondFlipper81
2018-02-23 15:06:32.221	FFD7-0000-030E-B8EA	BigDaddyChris841
2018-02-23 15:06:32.221	FFD7-0000-030E-B8EA	carolinalopez22
2018-02-23 15:06:32.221	FFD7-0000-030E-B8EA	clskoff36
2018-02-23 15:06:32.221	FFD7-0000-030E-B8EA	cmattson
2018-02-23 15:06:32.221	FFD7-0000-030E-B8EA	Davidedng
2018-02-23 15:06:32.221	FFD7-0000-030E-B8EA	erick_p1
2018-02-23 15:06:32.221	FFD7-0000-030E-B8EA	EZERICC
2018-02-23 15:06:32.221	FFD7-0000-030E-B8EA	FU-GAOH
2018-02-23 15:06:32.221	FFD7-0000-030E-B8EA	gabriel54gb
2018-02-23 15:06:32.221	FFD7-0000-030E-B8EA	gingerg1980
2018-02-23 15:06:32.221	FFD7-0000-030E-B8EA	hawkrand
2018-02-23 15:06:32.221	FFD7-0000-030E-B8EA	HectorAwesome1
2018-02-23 15:06:32.221	FFD7-0000-030E-B8EA	Herdobuffalo
2018-02-23 15:06:32.221	FFD7-0000-030E-B8EA	hiro4ken6
2018-02-23 15:06:32.221	FFD7-0000-030E-B8EA	joris658741
2018-02-23 15:06:32.221	FFD7-0000-030E-B8EA	katitax
2018-02-23 15:06:32.221	FFD7-0000-030E-B8EA	King2nd1st
2018-02-23 15:06:32.221	FFD7-0000-030E-B8EA	KingRKB
2018-02-23 15:06:32.221	FFD7-0000-030E-B8EA	MMTFB2000
2018-02-23 15:06:32.221	FFD7-0000-030E-B8EA	mznystk
2018-02-23 15:06:32.221	FFD7-0000-030E-B8EA	RAL2012
2018-02-23 15:06:32.221	FFD7-0000-030E-B8EA	red-dragon115
2018-02-23 15:06:32.221	FFD7-0000-030E-B8EA	SuperArmadillo
2018-02-23 15:06:32.221	FFD7-0000-030E-B8EA	warpzone1
2018-02-23 15:06:32.221	FFD7-0000-030E-B8EA	yuuki.mio.hayato
2017-12-18 16:12:35.433	FFD7-0000-0328-7FDC	02fitness
2017-12-18 16:12:35.433	FFD7-0000-0328-7FDC	Aurymii07
2017-12-18 16:12:35.433	FFD7-0000-0328-7FDC	beatledogma
2017-12-18 16:12:35.433	FFD7-0000-0328-7FDC	Cheif649
2017-12-18 16:12:35.433	FFD7-0000-0328-7FDC	chrisanya
2017-12-18 16:12:35.433	FFD7-0000-0328-7FDC	DeViaGamer99
2017-12-18 16:12:35.433	FFD7-0000-0328-7FDC	fusukekaze
2017-12-18 16:12:35.433	FFD7-0000-0328-7FDC	hirotsugu30
2017-12-18 16:12:35.433	FFD7-0000-0328-7FDC	LittleBubba2005
2017-12-18 16:12:35.433	FFD7-0000-0328-7FDC	mellow.rage
2017-12-18 16:12:35.433	FFD7-0000-0328-7FDC	MK_Kilmarnock
2017-12-18 16:12:35.433	FFD7-0000-0328-7FDC	okan.yUkA3ds
2018-01-09 13:30:42.243	FFD7-0000-0328-7FDC	rieko.i1977
2018-02-20 16:58:49.595	FFD7-0000-0328-7FDC	starketblack
2018-03-02 10:07:34.213	FFD8-0000-0366-3D44	dara37
2018-03-02 10:07:34.213	FFD8-0000-0366-3D44	dev1n2016
2018-03-02 10:07:34.213	FFD8-0000-0366-3D44	Galaxysinger
2018-03-07 09:57:29.071	FFD8-0000-0366-3D44	Jannik_2012
2018-03-02 10:07:34.213	FFD8-0000-0366-3D44	JoeHoe69
2018-03-08 10:38:57.371	FFD8-0000-0366-3D44	Joome5000
2018-03-06 18:38:04.707	FFD8-0000-0366-3D44	joue1985
2018-03-02 10:07:34.213	FFD8-0000-0366-3D44	nekokanu
2017-11-16 16:24:03.621	FFD9-0000-033E-8BCB	DanIsOnFir3
2018-01-12 15:23:59.175	FFD9-0000-033E-8BCB	douyutvshenshi
2017-11-16 16:24:03.621	FFD9-0000-033E-8BCB	dream0727
2018-03-01 12:49:34.871	FFD9-0000-033E-8BCB	eithansitos
2017-11-16 16:24:03.621	FFD9-0000-033E-8BCB	Gessualdo
2017-11-16 16:24:03.621	FFD9-0000-033E-8BCB	Kayoni
2017-11-16 16:24:03.621	FFD9-0000-033E-8BCB	lilfoot880
2017-11-16 16:24:03.621	FFD9-0000-033E-8BCB	Lilguo
2017-11-16 16:24:03.621	FFD9-0000-033E-8BCB	marciojuliao
2017-11-16 16:24:03.621	FFD9-0000-033E-8BCB	Mateus1993
2017-11-16 16:24:03.621	FFD9-0000-033E-8BCB	megaeu5
2017-11-16 16:24:03.621	FFD9-0000-033E-8BCB	NightOja1
2017-11-16 16:24:03.621	FFD9-0000-033E-8BCB	NLuis.ID
2017-11-16 16:24:03.621	FFD9-0000-033E-8BCB	SmileeE08
2017-11-16 16:24:03.621	FFD9-0000-033E-8BCB	Timridge
2017-11-16 16:24:03.621	FFD9-0000-033E-8BCB	WIIUREOLI79
2018-02-23 15:06:35.224	FFD9-0000-0358-43D0	4118Mario
2018-02-23 15:06:35.224	FFD9-0000-0358-43D0	anthony3266
2018-02-23 15:06:35.224	FFD9-0000-0358-43D0	firestarfighter
2018-02-23 15:06:35.224	FFD9-0000-0358-43D0	helen_l_wallace
2018-02-23 15:06:35.224	FFD9-0000-0358-43D0	leo-65190
2018-02-23 15:06:35.224	FFD9-0000-0358-43D0	quentin83230
2018-02-23 15:06:35.224	FFD9-0000-0358-43D0	Silverdestiny78
2018-02-23 15:06:35.224	FFD9-0000-0358-43D0	vivicmp
2018-02-23 15:06:35.224	FFD9-0000-0358-43D0	wilsonfamily17
2018-02-23 15:06:36.924	FFDA-0000-0337-9CA0	270416WEAP
2018-02-23 15:06:36.924	FFDA-0000-0337-9CA0	Deacon245
2018-02-23 15:06:36.924	FFDA-0000-0337-9CA0	dric42
2018-02-23 15:06:36.924	FFDA-0000-0337-9CA0	guigeekp
2018-02-23 15:06:36.924	FFDA-0000-0337-9CA0	hiroto-yuuga
2018-02-23 15:06:36.924	FFDA-0000-0337-9CA0	KOBSS2013
2018-02-23 15:06:36.924	FFDA-0000-0337-9CA0	KushSenpai
2018-02-23 15:06:36.924	FFDA-0000-0337-9CA0	lucianogamer2003
2018-02-23 15:06:36.924	FFDA-0000-0337-9CA0	Lunartt
2018-02-23 15:06:36.924	FFDA-0000-0337-9CA0	MAXIME_ENZO
2018-02-23 15:06:36.924	FFDA-0000-0337-9CA0	mouretu7
2018-02-23 15:06:36.924	FFDA-0000-0337-9CA0	paizun-bk
2018-02-23 15:06:36.924	FFDA-0000-0337-9CA0	wutsjackalackin
2018-02-23 15:06:38.682	FFDA-0000-033D-4F76	196635
2018-02-23 15:06:38.682	FFDA-0000-033D-4F76	ahmanb
2018-02-23 15:06:38.682	FFDA-0000-033D-4F76	caral2007
2018-02-23 15:06:38.682	FFDA-0000-033D-4F76	djebril8
2018-02-23 15:06:38.682	FFDA-0000-033D-4F76	ElBrayans
2018-02-23 15:06:38.682	FFDA-0000-033D-4F76	Gogi73
2018-02-23 15:06:38.682	FFDA-0000-033D-4F76	h.yutaka923157
2018-02-23 15:06:38.682	FFDA-0000-033D-4F76	invincible-gamer
2018-02-23 15:06:38.682	FFDA-0000-033D-4F76	KAMENRAIDA-01
2018-02-23 15:06:38.682	FFDA-0000-033D-4F76	legomaniac1223
2018-02-23 15:06:38.682	FFDA-0000-033D-4F76	mamii48tvxp
2018-02-23 15:06:38.682	FFDA-0000-033D-4F76	Manu57972
2018-02-23 15:06:38.682	FFDA-0000-033D-4F76	nico-saber
2018-02-23 15:06:38.682	FFDA-0000-033D-4F76	TaylorSwiftN
2018-02-23 15:06:38.682	FFDA-0000-033D-4F76	ubscal
2018-02-23 15:06:38.682	FFDA-0000-033D-4F76	WEBE123456
2018-02-23 15:06:38.682	FFDA-0000-033D-4F76	yoshikun1976
2018-03-02 10:07:35.933	FFDA-0000-0363-A1CF	alebrije79
2018-03-02 10:07:35.933	FFDA-0000-0363-A1CF	Billiger
2018-03-02 10:07:35.933	FFDA-0000-0363-A1CF	bovard6
2018-03-02 10:07:35.933	FFDA-0000-0363-A1CF	enmo2jeu
2018-03-02 10:07:35.933	FFDA-0000-0363-A1CF	famueller
2018-03-02 10:07:35.933	FFDA-0000-0363-A1CF	ImBenjaMine
2018-03-02 10:07:35.933	FFDA-0000-0363-A1CF	jrob4us
2018-03-02 10:07:35.933	FFDA-0000-0363-A1CF	lightninglogan8
2018-03-02 10:07:35.933	FFDA-0000-0363-A1CF	rise-0114
2018-03-02 10:07:35.933	FFDA-0000-0363-A1CF	RUNA8321
2018-03-02 10:07:35.933	FFDA-0000-0363-A1CF	takeshiact3
2017-12-18 16:12:37.497	FFDB-0000-0347-496E	affiliate123
2017-12-18 16:12:37.497	FFDB-0000-0347-496E	Beardd11
2017-12-18 16:12:37.497	FFDB-0000-0347-496E	Choaslegion
2018-01-16 03:01:13.931	FFDB-0000-0347-496E	danieltoye
2017-12-18 16:12:37.497	FFDB-0000-0347-496E	JustRookieCookie
2018-02-20 16:58:51.276	FFDB-0000-0347-496E	Keiichied
2017-12-18 16:12:37.497	FFDB-0000-0347-496E	LeadertheBeast
2017-12-18 16:12:37.497	FFDB-0000-0347-496E	micahmilot
2017-12-18 16:12:37.497	FFDB-0000-0347-496E	Millmousse
2018-01-02 07:30:13.117	FFDB-0000-0347-496E	Paradoxius
2018-01-02 22:58:10.622	FFDB-0000-0347-496E	PrizmaPlays
2017-12-18 16:12:37.497	FFDB-0000-0347-496E	pseudohaiku
2017-12-18 16:12:37.497	FFDB-0000-0347-496E	rdavis67
2018-01-31 15:54:08.448	FFDB-0000-0347-496E	Rilind96
2017-12-18 16:12:37.497	FFDB-0000-0347-496E	SeanPolaris
2018-01-09 13:30:44.217	FFDB-0000-0347-496E	stewartmr
2017-12-18 16:12:37.497	FFDB-0000-0347-496E	Tarwater
2017-12-18 16:12:37.497	FFDB-0000-0347-496E	TKOBooM
2017-12-18 16:12:37.497	FFDB-0000-0347-496E	Tubby199
2017-12-18 16:12:37.497	FFDB-0000-0347-496E	Weapon-X23
2017-12-18 16:12:39.458	FFDC-0000-0316-BEC6	1270AO
2017-12-18 16:12:39.458	FFDC-0000-0316-BEC6	190348
2017-12-18 16:12:39.458	FFDC-0000-0316-BEC6	1985famikon.jp
2017-12-18 16:12:39.458	FFDC-0000-0316-BEC6	Bruno_kid
2017-12-18 16:12:39.458	FFDC-0000-0316-BEC6	ddwatts
2017-12-18 16:12:39.458	FFDC-0000-0316-BEC6	happy6688
2017-12-18 16:12:39.458	FFDC-0000-0316-BEC6	irvingvega
2017-12-18 16:12:39.458	FFDC-0000-0316-BEC6	ishikei1023
2017-12-18 16:12:39.458	FFDC-0000-0316-BEC6	kykam0916
2017-12-18 16:12:39.458	FFDC-0000-0316-BEC6	mametaifuuuns.16
2017-12-18 16:12:39.458	FFDC-0000-0316-BEC6	mariotorroja
2017-12-18 16:12:39.458	FFDC-0000-0316-BEC6	nindroid111
2017-12-18 16:12:39.458	FFDC-0000-0316-BEC6	OOKAMI323
2017-12-18 16:12:39.458	FFDC-0000-0316-BEC6	pichikai
2017-12-18 16:12:39.458	FFDC-0000-0316-BEC6	Titi3022
2017-12-18 16:12:39.458	FFDC-0000-0316-BEC6	wipeout0813
2018-03-02 10:07:37.881	FFDC-0000-0318-EDE5	ajet112
2018-03-02 10:07:37.881	FFDC-0000-0318-EDE5	chatetchien2
2018-03-02 10:07:37.881	FFDC-0000-0318-EDE5	Chops2711
2018-03-02 10:07:37.881	FFDC-0000-0318-EDE5	Dinocraft5
2018-03-02 10:07:37.881	FFDC-0000-0318-EDE5	djdexter99
2018-03-02 10:07:37.881	FFDC-0000-0318-EDE5	gaikotugorogoro
2018-03-02 10:07:37.881	FFDC-0000-0318-EDE5	Heldmoritz
2018-03-02 10:07:37.881	FFDC-0000-0318-EDE5	hirosuenaga
2018-03-02 10:07:37.881	FFDC-0000-0318-EDE5	hjg1508fji2i3d
2018-03-02 10:07:37.881	FFDC-0000-0318-EDE5	h.k072072
2018-03-02 10:07:37.881	FFDC-0000-0318-EDE5	jorgitoe06
2018-03-02 10:07:37.881	FFDC-0000-0318-EDE5	jyunjyunmario
2018-03-02 10:07:37.881	FFDC-0000-0318-EDE5	K65y1210
2018-03-02 10:07:37.881	FFDC-0000-0318-EDE5	LUEL6031
2018-03-02 10:07:37.881	FFDC-0000-0318-EDE5	lukas.delguerso5
2018-03-02 10:07:37.881	FFDC-0000-0318-EDE5	mario_puert_rico
2018-03-02 10:07:37.881	FFDC-0000-0318-EDE5	Megaprotoman1
2018-03-02 10:07:37.881	FFDC-0000-0318-EDE5	misakiyuzu
2018-03-02 10:07:37.881	FFDC-0000-0318-EDE5	OMIMI1221
2018-03-02 10:07:37.881	FFDC-0000-0318-EDE5	pandahut2001
2018-03-02 10:07:37.881	FFDC-0000-0318-EDE5	Pisapon
2018-03-02 10:07:37.881	FFDC-0000-0318-EDE5	PVCaptain
2018-03-02 10:07:37.881	FFDC-0000-0318-EDE5	Sawao1203
2018-03-02 10:07:37.881	FFDC-0000-0318-EDE5	tatiste
2018-03-02 10:07:37.881	FFDC-0000-0318-EDE5	Vinaji-San
2018-03-02 10:07:37.881	FFDC-0000-0318-EDE5	Yoshi5424
2018-03-02 10:07:37.881	FFDC-0000-0318-EDE5	Zz_Toad_zZ
2018-02-23 15:06:39.994	FFDC-0000-031A-35F9	gggoooaaattt
2018-02-23 15:06:39.994	FFDC-0000-031A-35F9	osenbei0141
2017-12-18 16:12:40.757	FFDD-0000-0350-F4EB	mtcavers
2017-12-18 16:12:40.757	FFDD-0000-0350-F4EB	rentama0425
2017-12-18 16:12:40.757	FFDD-0000-0350-F4EB	richard2422
2017-12-18 16:12:40.757	FFDD-0000-0350-F4EB	rickRoll3d
2018-02-23 15:06:41.533	FFDE-0000-0325-5857	510koto
2018-02-23 15:06:41.533	FFDE-0000-0325-5857	DavidMario64
2017-12-18 16:12:42.145	FFDE-0000-0338-D833	kreeves919
2017-12-18 16:12:42.145	FFDE-0000-0338-D833	kyouya-souta
2018-02-20 16:58:56.06	FFDE-0000-0338-D833	marcojd
2017-12-18 16:12:42.145	FFDE-0000-0338-D833	ormand
2017-12-18 16:12:42.145	FFDE-0000-0338-D833	yooklayleeps4
2018-03-02 10:07:40.01	FFDF-0000-031B-BE71	144028
2018-03-02 10:07:40.01	FFDF-0000-031B-BE71	akim-kome
2018-03-02 10:07:40.01	FFDF-0000-031B-BE71	alancalaco
2018-03-02 10:07:40.01	FFDF-0000-031B-BE71	charlylebouc
2018-03-02 10:07:40.01	FFDF-0000-031B-BE71	chewylemonhead
2018-03-02 10:07:40.01	FFDF-0000-031B-BE71	harrykeira
2018-03-02 10:07:40.01	FFDF-0000-031B-BE71	ijenkins
2018-03-02 10:07:40.01	FFDF-0000-031B-BE71	ikercamelia
2018-03-02 10:07:40.01	FFDF-0000-031B-BE71	julienquentin
2018-03-02 10:07:40.01	FFDF-0000-031B-BE71	kouemikana
2018-03-02 10:07:40.01	FFDF-0000-031B-BE71	Lattiz
2018-03-02 10:07:40.01	FFDF-0000-031B-BE71	lorenyancat
2018-03-02 10:07:40.01	FFDF-0000-031B-BE71	MitchellDV
2018-03-02 10:07:40.01	FFDF-0000-031B-BE71	nes_otto
2018-03-02 10:07:40.01	FFDF-0000-031B-BE71	paluemp
2018-03-02 10:07:40.01	FFDF-0000-031B-BE71	Raul-the-pro
2018-03-02 10:07:40.01	FFDF-0000-031B-BE71	rhinosinusitis
2018-03-02 10:07:40.01	FFDF-0000-031B-BE71	Sheldon109
2018-03-02 10:07:40.01	FFDF-0000-031B-BE71	shoma200107
2017-12-18 16:12:43.698	FFDF-0000-033A-CBB4	EVOLSQUARE
2017-12-18 16:12:43.698	FFDF-0000-033A-CBB4	FuxChickens
2017-12-18 16:12:43.698	FFDF-0000-033A-CBB4	growbag
2017-12-18 16:12:43.698	FFDF-0000-033A-CBB4	Halifax_Fox
2017-12-18 16:12:43.698	FFDF-0000-033A-CBB4	immortalmask
2017-12-18 16:12:43.698	FFDF-0000-033A-CBB4	jared3clemson
2018-01-15 00:05:30.729	FFDF-0000-033A-CBB4	kason0616
2017-12-18 16:12:43.698	FFDF-0000-033A-CBB4	murseghigno
2017-12-18 16:12:43.698	FFDF-0000-033A-CBB4	nimportequi
2017-12-18 16:12:43.698	FFDF-0000-033A-CBB4	nyabugg02
2017-12-18 16:12:43.698	FFDF-0000-033A-CBB4	ryumapapa
2017-12-18 16:12:43.698	FFDF-0000-033A-CBB4	trainerjbird05
2017-12-20 02:03:20.478	FFDF-0000-033A-CBB4	ymyr0111
2018-03-02 10:07:41.7	FFDF-0000-033C-6EBB	Advanc3_150
2018-03-02 10:07:41.7	FFDF-0000-033C-6EBB	gongabedu123
2018-03-02 10:07:41.7	FFDF-0000-033C-6EBB	ilbabo2218
2018-03-02 10:07:41.7	FFDF-0000-033C-6EBB	kjxw32
2018-03-02 10:07:41.7	FFDF-0000-033C-6EBB	MG_TEAM1329
2018-03-02 10:07:41.7	FFDF-0000-033C-6EBB	TOSHI.41
2017-12-18 16:12:45.968	FFE0-0000-0324-D4CF	angeloymarruca
2017-12-18 16:12:45.968	FFE0-0000-0324-D4CF	hannah1227
2017-12-18 16:12:45.968	FFE0-0000-0324-D4CF	hhchretien
2017-12-18 16:12:45.968	FFE0-0000-0324-D4CF	nemo326
2017-12-18 16:12:45.968	FFE0-0000-0324-D4CF	Nuria92
2017-12-18 16:12:45.968	FFE0-0000-0324-D4CF	Pavelcollega
2017-12-18 16:12:45.968	FFE0-0000-0324-D4CF	sariahduran
2017-12-18 16:12:45.968	FFE0-0000-0324-D4CF	showkeone
2017-12-18 16:12:45.968	FFE0-0000-0324-D4CF	syun222
2017-12-18 16:12:45.968	FFE0-0000-0324-D4CF	Voda12345
2017-12-18 16:12:45.968	FFE0-0000-0324-D4CF	zola63
2018-03-02 10:07:43.354	FFE1-0000-0334-5E26	laffysapphy
2018-03-02 10:07:43.354	FFE1-0000-0334-5E26	Lokirian
2018-03-02 10:07:43.354	FFE1-0000-0334-5E26	OtakuSupremist
2018-03-02 10:07:43.354	FFE1-0000-0334-5E26	yarisanda05
2017-12-18 16:12:47.3	FFE1-0000-035C-E90F	shad499
2017-12-18 16:12:47.3	FFE1-0000-035C-E90F	Thabeast721
2017-12-18 16:12:48.698	FFE3-0000-0301-0A65	0875pepe
2017-12-18 16:12:48.698	FFE3-0000-0301-0A65	80blueopen
2017-12-18 16:12:48.698	FFE3-0000-0301-0A65	8-Bicanovsky
2017-12-18 16:12:48.698	FFE3-0000-0301-0A65	banny2016
2017-12-18 16:12:48.698	FFE3-0000-0301-0A65	Bortevo
2017-12-18 16:12:48.698	FFE3-0000-0301-0A65	David_King49
2017-12-18 16:12:48.698	FFE3-0000-0301-0A65	Freshest12
2017-12-18 16:12:48.698	FFE3-0000-0301-0A65	harveyjessup
2017-12-18 16:12:48.698	FFE3-0000-0301-0A65	hesong830
2017-12-18 16:12:48.698	FFE3-0000-0301-0A65	jen2121
2018-02-22 15:09:43.451	FFE3-0000-0301-0A65	mwj1988
2017-12-18 16:12:48.698	FFE3-0000-0301-0A65	RAICHO30
2017-12-18 16:12:48.698	FFE3-0000-0301-0A65	robbie8917
2017-12-18 16:12:48.698	FFE3-0000-0301-0A65	tacoteam
2017-12-18 16:12:48.698	FFE3-0000-0301-0A65	TheOneRamsey
2017-12-18 16:12:51.427	FFE3-0000-030D-4070	2dannys
2017-12-18 16:12:51.427	FFE3-0000-030D-4070	acshimada23
2017-12-18 16:12:51.427	FFE3-0000-030D-4070	aketarou
2017-12-18 16:12:51.427	FFE3-0000-030D-4070	basjjs
2018-01-14 09:52:39.148	FFE3-0000-030D-4070	BLOKXD1779
2017-12-18 16:12:51.427	FFE3-0000-030D-4070	blondielocke
2018-02-20 16:59:04.807	FFE3-0000-030D-4070	casey1171
2017-12-18 16:12:51.427	FFE3-0000-030D-4070	charles5225
2017-12-18 16:12:51.427	FFE3-0000-030D-4070	Chen63
2017-12-18 16:12:51.427	FFE3-0000-030D-4070	clojan008
2017-12-18 16:12:51.427	FFE3-0000-030D-4070	cocholo1
2017-12-18 16:12:51.427	FFE3-0000-030D-4070	daikikoyakoya
2017-12-18 16:12:51.427	FFE3-0000-030D-4070	Endy26
2017-12-18 16:12:51.427	FFE3-0000-030D-4070	fennecfoxes22
2017-12-18 16:12:51.427	FFE3-0000-030D-4070	gasari2006
2018-01-02 07:30:26.437	FFE3-0000-030D-4070	g.kousuke.1004
2017-12-18 16:12:51.427	FFE3-0000-030D-4070	grumpypants2007
2017-12-18 16:12:51.427	FFE3-0000-030D-4070	gummyworm427
2017-12-18 16:12:51.427	FFE3-0000-030D-4070	haluyutochi
2017-12-18 16:12:51.427	FFE3-0000-030D-4070	HIHAKOJUN
2018-01-02 07:30:26.437	FFE3-0000-030D-4070	HONDADREAM-CB750
2018-02-23 18:56:08.497	FFE3-0000-030D-4070	isco98
2017-12-18 16:12:51.427	FFE3-0000-030D-4070	JohnnyWii
2017-12-18 16:12:51.427	FFE3-0000-030D-4070	JonnyGoGo999
2017-12-18 16:12:51.427	FFE3-0000-030D-4070	Kajusa
2017-12-18 16:12:51.427	FFE3-0000-030D-4070	katuamon
2017-12-18 16:12:51.427	FFE3-0000-030D-4070	keeny77
2017-12-18 16:12:51.427	FFE3-0000-030D-4070	Khazey
2018-02-20 16:59:04.807	FFE3-0000-030D-4070	koopzilla100
2017-12-18 16:12:51.427	FFE3-0000-030D-4070	landongaines
2018-02-20 16:59:04.807	FFE3-0000-030D-4070	lelandboss0314
2017-12-18 16:12:51.427	FFE3-0000-030D-4070	lucas1577
2017-12-18 16:12:51.427	FFE3-0000-030D-4070	Lucky3106
2017-12-18 16:12:51.427	FFE3-0000-030D-4070	mamo0329
2017-12-18 16:12:51.427	FFE3-0000-030D-4070	MarioyJuan
2017-12-18 16:12:51.427	FFE3-0000-030D-4070	mikazuki0503
2017-12-18 16:12:51.427	FFE3-0000-030D-4070	minors
2017-12-18 16:12:51.427	FFE3-0000-030D-4070	miz.hikari
2017-12-18 16:12:51.427	FFE3-0000-030D-4070	momo72200
2017-12-18 16:12:51.427	FFE3-0000-030D-4070	MonkeyEleven
2017-12-18 16:12:51.427	FFE3-0000-030D-4070	nagao0324
2017-12-18 16:12:51.427	FFE3-0000-030D-4070	nin-tomtom0220
2017-12-18 16:12:51.427	FFE3-0000-030D-4070	parahmore
2017-12-18 16:12:51.427	FFE3-0000-030D-4070	PopEyeAnson
2017-12-18 16:12:51.427	FFE3-0000-030D-4070	Puma196602
2017-12-18 16:12:51.427	FFE3-0000-030D-4070	rafarual
2017-12-18 16:12:51.427	FFE3-0000-030D-4070	rayaan2006
2017-12-18 16:12:51.427	FFE3-0000-030D-4070	Rene_K.88
2017-12-18 16:12:51.427	FFE3-0000-030D-4070	ryouseishougoayu
2017-12-18 16:12:51.427	FFE3-0000-030D-4070	SethDaBoss17
2017-12-18 16:12:51.427	FFE3-0000-030D-4070	stergen33
2017-12-18 16:12:51.427	FFE3-0000-030D-4070	StickToYourGuns
2017-12-18 16:12:51.427	FFE3-0000-030D-4070	strazzner
2017-12-18 16:12:51.427	FFE3-0000-030D-4070	suchi-rukan2
2017-12-18 16:12:51.427	FFE3-0000-030D-4070	takerun218
2017-12-18 16:12:51.427	FFE3-0000-030D-4070	TheSuperBacon
2017-12-18 16:12:51.427	FFE3-0000-030D-4070	thomasmeechan
2017-12-18 16:12:51.427	FFE3-0000-030D-4070	TomKristian2006
2017-12-18 16:12:51.427	FFE3-0000-030D-4070	watapooooon
2017-12-18 16:12:51.427	FFE3-0000-030D-4070	wiiu130
2017-12-18 16:12:51.427	FFE3-0000-030D-4070	Williams1
2017-12-18 16:12:51.427	FFE3-0000-030D-4070	yukkurihureimu
2018-02-23 15:06:43.447	FFE3-0000-0343-AD51	akipiro0906
2018-02-23 15:06:43.447	FFE3-0000-0343-AD51	Caruso8
2018-02-23 15:06:43.447	FFE3-0000-0343-AD51	daveseeler
2018-02-23 15:06:43.447	FFE3-0000-0343-AD51	DreariestCurve2
2018-02-23 15:06:43.447	FFE3-0000-0343-AD51	eimayo
2018-02-23 15:06:43.447	FFE3-0000-0343-AD51	fuma3954
2018-02-23 15:06:43.447	FFE3-0000-0343-AD51	hoso.0714
2018-02-23 15:06:43.447	FFE3-0000-0343-AD51	issachinds
2018-02-23 15:06:43.447	FFE3-0000-0343-AD51	jiba.0927
2018-02-23 15:06:43.447	FFE3-0000-0343-AD51	joeymario2
2018-02-23 15:06:43.447	FFE3-0000-0343-AD51	kento.1330
2018-02-23 15:06:43.447	FFE3-0000-0343-AD51	porter2906
2018-02-23 15:06:43.447	FFE3-0000-0343-AD51	royal-madara
2018-02-23 15:06:43.447	FFE3-0000-0343-AD51	shuuhodatii
2018-02-23 15:06:43.447	FFE3-0000-0343-AD51	TheRoolander
2018-02-23 15:06:43.447	FFE3-0000-0343-AD51	yliad1
2018-02-23 15:06:44.818	FFE4-0000-0362-1B32	Alttabmatt
2018-02-23 15:06:44.818	FFE4-0000-0362-1B32	bsekalb
2018-02-23 15:06:44.818	FFE4-0000-0362-1B32	Buenostiempos100
2018-02-23 15:06:44.818	FFE4-0000-0362-1B32	CharlyFilth
2018-02-23 15:06:44.818	FFE4-0000-0362-1B32	dragonfeeney
2018-02-23 15:06:44.818	FFE4-0000-0362-1B32	GazooJnr
2018-02-23 15:06:44.818	FFE4-0000-0362-1B32	gregdecr
2018-02-23 15:06:44.818	FFE4-0000-0362-1B32	jinjiezheng
2018-03-01 09:50:33.775	FFE4-0000-0362-1B32	NAOKIMG
2018-02-23 15:06:44.818	FFE4-0000-0362-1B32	nhy753
2018-02-23 15:06:44.818	FFE4-0000-0362-1B32	Official_Page_18
2018-02-23 15:06:44.818	FFE4-0000-0362-1B32	oval-1955daisuki
2018-02-23 15:06:44.818	FFE4-0000-0362-1B32	pedrinho13009
2018-02-23 15:06:44.818	FFE4-0000-0362-1B32	sallybp
2018-02-23 15:06:44.818	FFE4-0000-0362-1B32	sappypiyo
2018-02-23 15:06:44.818	FFE4-0000-0362-1B32	stephaneayoul
2018-02-23 15:06:44.818	FFE4-0000-0362-1B32	tipssmith
2018-02-23 15:06:44.818	FFE4-0000-0362-1B32	Wannamaker88
2018-02-23 15:06:44.818	FFE4-0000-0362-1B32	wello-snake
2017-12-18 16:12:53.681	FFE5-0000-0340-BCFA	14753a
2017-12-18 16:12:53.681	FFE5-0000-0340-BCFA	ashes6556
2017-12-18 16:12:53.681	FFE5-0000-0340-BCFA	Blueshell1
2017-12-18 16:12:53.681	FFE5-0000-0340-BCFA	buckylfc
2017-12-18 16:12:53.681	FFE5-0000-0340-BCFA	channingOBanning
2017-12-18 16:12:53.681	FFE5-0000-0340-BCFA	Emazeo
2017-12-18 16:12:53.681	FFE5-0000-0340-BCFA	greaves1
2017-12-18 16:12:53.681	FFE5-0000-0340-BCFA	Im_The_J
2017-12-18 16:12:53.681	FFE5-0000-0340-BCFA	MediumD
2018-02-23 15:06:46.099	FFE5-0000-0341-9A27	AE4WiiU
2018-02-23 15:06:46.099	FFE5-0000-0341-9A27	finn-vi
2018-02-23 15:06:46.099	FFE5-0000-0341-9A27	MORTAL12345
2018-02-23 15:06:46.099	FFE5-0000-0341-9A27	tokyo122
2018-02-23 15:06:46.099	FFE5-0000-0341-9A27	Tophu17
2018-02-23 15:06:46.099	FFE5-0000-0341-9A27	youmu0817
2018-02-23 15:06:47.334	FFE6-0000-0356-D40D	ekkorin
2018-02-23 15:06:47.334	FFE6-0000-0356-D40D	everton321475
2018-02-23 15:06:47.334	FFE6-0000-0356-D40D	FREDERICDUB
2018-02-23 15:06:47.334	FFE6-0000-0356-D40D	kikifille
2018-02-23 15:06:47.334	FFE6-0000-0356-D40D	lew-jay07
2018-02-23 15:06:47.334	FFE6-0000-0356-D40D	Maylar
2018-02-23 15:06:47.334	FFE6-0000-0356-D40D	Ninjakarl
2018-02-23 15:06:47.334	FFE6-0000-0356-D40D	remdeeskoen
2018-02-23 15:06:47.334	FFE6-0000-0356-D40D	TOSHI.41
2018-02-23 15:06:47.334	FFE6-0000-0356-D40D	trex30
2018-02-23 15:06:47.334	FFE6-0000-0356-D40D	wozzy_ace
2018-02-23 15:06:49.162	FFE6-0000-035E-5E19	abbd69
2018-02-23 15:06:49.162	FFE6-0000-035E-5E19	bebetortue123
2018-02-23 15:06:49.162	FFE6-0000-035E-5E19	castellanos2015
2018-02-23 15:06:49.162	FFE6-0000-035E-5E19	daniel_6002
2018-02-23 15:06:49.162	FFE6-0000-035E-5E19	eita101101
2018-02-23 15:06:49.162	FFE6-0000-035E-5E19	Emile.88
2018-02-23 15:06:49.162	FFE6-0000-035E-5E19	emma1599
2018-02-23 15:06:49.162	FFE6-0000-035E-5E19	emmacv
2018-02-23 15:06:49.162	FFE6-0000-035E-5E19	hyrule-link404
2018-02-23 15:06:49.162	FFE6-0000-035E-5E19	jenniferp83
2018-02-23 15:06:49.162	FFE6-0000-035E-5E19	lapinsucre
2018-02-23 15:06:49.162	FFE6-0000-035E-5E19	lucas14700
2018-02-23 15:06:49.162	FFE6-0000-035E-5E19	maquina07
2018-02-23 15:06:49.162	FFE6-0000-035E-5E19	meguroyoshio
2018-02-23 15:06:49.162	FFE6-0000-035E-5E19	mh082525
2018-02-23 15:06:49.162	FFE6-0000-035E-5E19	mshrph14
2018-02-23 15:06:49.162	FFE6-0000-035E-5E19	noahsabi
2018-02-23 15:06:49.162	FFE6-0000-035E-5E19	Rayon21
2018-02-23 15:06:49.162	FFE6-0000-035E-5E19	Red5Luke2005
2018-02-23 15:06:49.162	FFE6-0000-035E-5E19	sabrina50400
2018-02-23 15:06:49.162	FFE6-0000-035E-5E19	shailo1996
2018-02-23 15:06:49.162	FFE6-0000-035E-5E19	Shoghi
2018-02-23 15:06:49.162	FFE6-0000-035E-5E19	syuhei1202
2018-02-23 15:06:49.162	FFE6-0000-035E-5E19	tantei_kudo
2018-02-23 15:06:49.162	FFE6-0000-035E-5E19	theodevy
2018-02-23 15:06:49.162	FFE6-0000-035E-5E19	turbo-boy2009
2018-02-23 15:06:49.162	FFE6-0000-035E-5E19	victoriabach2006
2018-02-23 15:06:49.162	FFE6-0000-035E-5E19	VictorMMM1
2018-02-23 15:06:50.472	FFE8-0000-0335-9092	BlueytheCat
2018-02-23 15:06:50.472	FFE8-0000-0335-9092	greenluigibro
2018-02-23 15:06:50.472	FFE8-0000-0335-9092	hillmanpatrick6
2018-02-23 15:06:50.472	FFE8-0000-0335-9092	kaitokid6007
2018-02-23 15:06:50.472	FFE8-0000-0335-9092	kaitoshuji
2018-02-23 15:06:50.472	FFE8-0000-0335-9092	kohtakuya
2018-02-23 15:06:50.472	FFE8-0000-0335-9092	ko-syu2014
2018-02-23 15:06:50.472	FFE8-0000-0335-9092	lonytexane
2018-02-23 15:06:50.472	FFE8-0000-0335-9092	MrLappen
2018-02-23 15:06:50.472	FFE8-0000-0335-9092	Nesiye
2018-02-23 15:06:50.472	FFE8-0000-0335-9092	rydog43
2018-02-23 15:06:50.472	FFE8-0000-0335-9092	Stiti48
2018-03-02 10:07:45.052	FFEA-0000-0330-9866	carlajam
2018-03-02 10:07:45.052	FFEA-0000-0330-9866	fdy-45ig_tdhyo
2018-03-02 10:07:45.052	FFEA-0000-0330-9866	michimaro1972
2018-03-02 10:07:45.052	FFEA-0000-0330-9866	ryoooou4
2017-12-18 16:12:55.198	FFEB-0000-031E-2244	Enviosity
2017-12-18 16:12:55.198	FFEB-0000-031E-2244	SwitchCuttersSon
2017-12-18 16:12:55.198	FFEB-0000-031E-2244	ThreeAmiibos
2018-02-23 15:06:52.466	FFEC-0000-0356-9579	ascendant01
2018-02-23 15:06:52.466	FFEC-0000-0356-9579	bebiere
2018-02-23 15:06:52.466	FFEC-0000-0356-9579	bonkers726
2018-02-23 15:06:52.466	FFEC-0000-0356-9579	booga2004
2018-02-23 15:06:52.466	FFEC-0000-0356-9579	c615041
2018-02-23 15:06:52.466	FFEC-0000-0356-9579	counine59
2018-02-23 15:06:52.466	FFEC-0000-0356-9579	grimbrothers
2018-02-23 15:06:52.466	FFEC-0000-0356-9579	HATA13
2018-02-23 15:06:52.466	FFEC-0000-0356-9579	hayamayu0112
2018-02-23 15:06:52.466	FFEC-0000-0356-9579	javier921990
2018-02-23 15:06:52.466	FFEC-0000-0356-9579	JUARIE
2018-02-23 15:06:52.466	FFEC-0000-0356-9579	Kaldur91
2018-02-23 15:06:52.466	FFEC-0000-0356-9579	kareem2010
2018-02-23 15:06:52.466	FFEC-0000-0356-9579	KEIKOkelko
2018-02-23 15:06:52.466	FFEC-0000-0356-9579	kokekokko1116
2018-02-23 15:06:52.466	FFEC-0000-0356-9579	LemonFarm2015
2018-02-23 15:06:52.466	FFEC-0000-0356-9579	MATMHR
2018-02-23 15:06:52.466	FFEC-0000-0356-9579	OlmsteadWiiU
2018-02-23 15:06:52.466	FFEC-0000-0356-9579	pepite2004
2018-02-23 15:06:52.466	FFEC-0000-0356-9579	Roach1234
2018-02-23 15:06:52.466	FFEC-0000-0356-9579	ShadowGun2002
2018-02-23 15:06:52.466	FFEC-0000-0356-9579	simoncl07
2018-02-23 15:06:52.466	FFEC-0000-0356-9579	snoopy27474
2018-02-23 15:06:52.466	FFEC-0000-0356-9579	utautaten
2018-02-23 15:06:52.466	FFEC-0000-0356-9579	WrathSWE
2017-12-18 16:12:59.249	FFED-0000-0331-F034	021217
2017-12-18 16:12:59.249	FFED-0000-0331-F034	1225raiki
2017-12-18 16:12:59.249	FFED-0000-0331-F034	1234vp
2017-12-18 16:12:59.249	FFED-0000-0331-F034	55cassis
2017-12-18 16:12:59.249	FFED-0000-0331-F034	acpr62
2017-12-18 16:12:59.249	FFED-0000-0331-F034	alexouyou62
2017-12-18 16:12:59.249	FFED-0000-0331-F034	aminko190710
2017-12-18 16:12:59.249	FFED-0000-0331-F034	amjlajjmj15
2017-12-18 16:12:59.249	FFED-0000-0331-F034	ANTWANBaprime
2017-12-18 16:12:59.249	FFED-0000-0331-F034	ayamiamnos
2018-01-02 07:30:33.185	FFED-0000-0331-F034	ayuayu2222
2017-12-18 16:12:59.249	FFED-0000-0331-F034	Azotochtli
2017-12-18 16:12:59.249	FFED-0000-0331-F034	BaloogaBooga
2017-12-18 16:12:59.249	FFED-0000-0331-F034	Beidjile
2017-12-18 16:12:59.249	FFED-0000-0331-F034	blink333
2018-02-22 22:19:15.889	FFED-0000-0331-F034	bluedog89
2017-12-18 16:12:59.249	FFED-0000-0331-F034	BoneZoned
2018-02-20 16:59:11.215	FFED-0000-0331-F034	BrandonClifford
2017-12-18 16:12:59.249	FFED-0000-0331-F034	c06h08
2017-12-18 16:12:59.249	FFED-0000-0331-F034	ChoquePop
2017-12-18 16:12:59.249	FFED-0000-0331-F034	chrisTCEX
2017-12-18 16:12:59.249	FFED-0000-0331-F034	copperkat
2017-12-18 16:12:59.249	FFED-0000-0331-F034	dango-powers
2017-12-18 16:12:59.249	FFED-0000-0331-F034	dentopa
2017-12-18 16:12:59.249	FFED-0000-0331-F034	dopesince83
2017-12-18 16:12:59.249	FFED-0000-0331-F034	edgarchivas
2017-12-18 16:12:59.249	FFED-0000-0331-F034	eimeej
2017-12-18 16:12:59.249	FFED-0000-0331-F034	elenetworkid
2017-12-18 16:12:59.249	FFED-0000-0331-F034	Ellimars
2017-12-18 16:12:59.249	FFED-0000-0331-F034	emerson2008
2018-01-31 15:54:26.128	FFED-0000-0331-F034	eritovedder
2017-12-18 16:12:59.249	FFED-0000-0331-F034	Extermin8
2017-12-18 16:12:59.249	FFED-0000-0331-F034	fernandohaitjr
2017-12-18 16:12:59.249	FFED-0000-0331-F034	fivetime
2017-12-18 16:12:59.249	FFED-0000-0331-F034	fmagno69
2017-12-18 16:12:59.249	FFED-0000-0331-F034	foxshroom
2017-12-18 16:12:59.249	FFED-0000-0331-F034	Giancb1
2017-12-18 16:12:59.249	FFED-0000-0331-F034	Giraffe359
2017-12-18 16:12:59.249	FFED-0000-0331-F034	glitterpets27
2017-12-18 16:12:59.249	FFED-0000-0331-F034	GrandKeys
2017-12-18 16:12:59.249	FFED-0000-0331-F034	Greenfin26
2017-12-18 16:12:59.249	FFED-0000-0331-F034	gtbeam3r
2017-12-18 16:12:59.249	FFED-0000-0331-F034	Gus_Klimt
2017-12-18 16:12:59.249	FFED-0000-0331-F034	happy6688
2017-12-18 16:12:59.249	FFED-0000-0331-F034	Iggykooparules99
2017-12-18 16:12:59.249	FFED-0000-0331-F034	ivoshilp2.0
2017-12-18 16:12:59.249	FFED-0000-0331-F034	iyoda.m
2017-12-18 16:12:59.249	FFED-0000-0331-F034	j0binett
2017-12-18 16:12:59.249	FFED-0000-0331-F034	Jackface20
2017-12-18 16:12:59.249	FFED-0000-0331-F034	Jayman1993
2017-12-18 16:12:59.249	FFED-0000-0331-F034	KEN12701
2017-12-18 16:12:59.249	FFED-0000-0331-F034	ksk291925
2017-12-18 16:12:59.249	FFED-0000-0331-F034	ktkkuroneko
2017-12-18 16:12:59.249	FFED-0000-0331-F034	kubira40
2017-12-18 16:12:59.249	FFED-0000-0331-F034	kuma11pipiniku
2017-12-18 16:12:59.249	FFED-0000-0331-F034	kunii9216
2018-02-20 16:59:11.215	FFED-0000-0331-F034	LeCirconflex
2017-12-18 16:12:59.249	FFED-0000-0331-F034	LightLink_13
2017-12-18 16:12:59.249	FFED-0000-0331-F034	Lockwood86
2017-12-18 16:12:59.249	FFED-0000-0331-F034	Lovecrafter
2017-12-18 16:12:59.249	FFED-0000-0331-F034	mahdir
2017-12-18 16:12:59.249	FFED-0000-0331-F034	Manman253
2017-12-18 16:12:59.249	FFED-0000-0331-F034	mariochampcoffee
2017-12-18 16:12:59.249	FFED-0000-0331-F034	MaxU360
2017-12-18 16:12:59.249	FFED-0000-0331-F034	mborremans
2017-12-18 16:12:59.249	FFED-0000-0331-F034	minimemama
2017-12-18 16:12:59.249	FFED-0000-0331-F034	mogumoguerisan
2017-12-18 16:12:59.249	FFED-0000-0331-F034	mrichston
2017-12-18 16:12:59.249	FFED-0000-0331-F034	MVPmaker
2017-12-18 16:12:59.249	FFED-0000-0331-F034	nathan_ohlendorf
2017-12-18 16:12:59.249	FFED-0000-0331-F034	Navi_Nation
2017-12-18 16:12:59.249	FFED-0000-0331-F034	Nightmare3500
2017-12-18 16:12:59.249	FFED-0000-0331-F034	nina-jacqueline
2017-12-18 16:12:59.249	FFED-0000-0331-F034	noramonster
2018-02-20 16:59:11.215	FFED-0000-0331-F034	otohane_hanon
2017-12-18 16:12:59.249	FFED-0000-0331-F034	PalutenaDesu
2018-01-02 07:30:33.185	FFED-0000-0331-F034	pattyking18
2017-12-18 16:12:59.249	FFED-0000-0331-F034	Phenolholic
2017-12-18 16:12:59.249	FFED-0000-0331-F034	piyosuko
2017-12-18 16:12:59.249	FFED-0000-0331-F034	pocchii1
2017-12-18 16:12:59.249	FFED-0000-0331-F034	Pupsickle
2017-12-18 16:12:59.249	FFED-0000-0331-F034	rt39ys55km11
2017-12-18 16:12:59.249	FFED-0000-0331-F034	Saku39x
2017-12-18 16:12:59.249	FFED-0000-0331-F034	SandMan13
2017-12-18 16:12:59.249	FFED-0000-0331-F034	SaulLink1
2017-12-18 16:12:59.249	FFED-0000-0331-F034	Sinflamer
2017-12-18 16:12:59.249	FFED-0000-0331-F034	SmellslikeTencho
2017-12-18 16:12:59.249	FFED-0000-0331-F034	sodabag
2017-12-18 16:12:59.249	FFED-0000-0331-F034	soliz361
2017-12-18 16:12:59.249	FFED-0000-0331-F034	spiderbags
2017-12-18 16:12:59.249	FFED-0000-0331-F034	sskatiebell
2017-12-18 16:12:59.249	FFED-0000-0331-F034	SuperEss
2017-12-18 16:12:59.249	FFED-0000-0331-F034	taiaunderground
2017-12-18 16:12:59.249	FFED-0000-0331-F034	tatsuhiko.komiya
2017-12-18 16:12:59.249	FFED-0000-0331-F034	TheArbiter42
2017-12-18 16:12:59.249	FFED-0000-0331-F034	thejj14
2017-12-18 16:12:59.249	FFED-0000-0331-F034	Thiagoaos
2017-12-18 16:12:59.249	FFED-0000-0331-F034	tmaminya
2017-12-18 16:12:59.249	FFED-0000-0331-F034	tnjthntthn
2017-12-18 16:12:59.249	FFED-0000-0331-F034	u29611
2017-12-18 16:12:59.249	FFED-0000-0331-F034	weareawesome100
2017-12-18 16:12:59.249	FFED-0000-0331-F034	windkey
2017-12-18 16:12:59.249	FFED-0000-0331-F034	witwix
2017-12-18 16:12:59.249	FFED-0000-0331-F034	yehyeh
2017-12-18 16:12:59.249	FFED-0000-0331-F034	yoshipeach2479
2017-12-18 16:12:59.249	FFED-0000-0331-F034	zorbaszz
2018-02-23 15:06:53.694	FFED-0000-033F-FB04	kevinpaul74
2018-02-23 15:06:53.694	FFED-0000-033F-FB04	ramu.o-ji
2018-03-02 10:07:46.932	FFEE-0000-0321-0545	0727hama
2018-03-02 10:07:46.932	FFEE-0000-0321-0545	AmyMV269
2018-03-02 10:07:46.932	FFEE-0000-0321-0545	bilingual2015
2018-03-02 10:07:46.932	FFEE-0000-0321-0545	colvet1215
2018-03-02 10:07:46.932	FFEE-0000-0321-0545	Demi1218
2018-03-02 10:07:46.932	FFEE-0000-0321-0545	djedelyon
2018-03-02 10:07:46.932	FFEE-0000-0321-0545	googley_83
2018-03-02 10:07:46.932	FFEE-0000-0321-0545	itsamezacio
2018-03-02 10:07:46.932	FFEE-0000-0321-0545	k_hirahata
2018-03-02 10:07:46.932	FFEE-0000-0321-0545	KOTAKOTA18
2018-03-02 10:07:46.932	FFEE-0000-0321-0545	Locked_Person
2018-03-02 10:07:46.932	FFEE-0000-0321-0545	love-yua
2018-03-02 10:07:46.932	FFEE-0000-0321-0545	omardelandazuri
2018-03-02 10:07:46.932	FFEE-0000-0321-0545	OmarPT
2018-03-02 10:07:46.932	FFEE-0000-0321-0545	raijikunnn
2018-03-13 03:57:19.248	FFEE-0000-0321-0545	reeverse
2018-03-02 10:07:46.932	FFEE-0000-0321-0545	revolv23
2018-03-02 10:07:46.932	FFEE-0000-0321-0545	Shadowfox387
2018-03-02 10:07:46.932	FFEE-0000-0321-0545	shi-chi-123
2018-03-02 10:07:46.932	FFEE-0000-0321-0545	s-king-k
2018-03-02 10:07:46.932	FFEE-0000-0321-0545	soutabom
2018-03-02 10:07:46.932	FFEE-0000-0321-0545	taihal2002
2018-03-02 10:07:46.932	FFEE-0000-0321-0545	Thejoos
2018-03-02 10:07:46.932	FFEE-0000-0321-0545	tinimojini26
2018-03-02 10:07:46.932	FFEE-0000-0321-0545	TVGuyJay
2018-03-02 10:07:46.932	FFEE-0000-0321-0545	Vitti99
2018-03-02 10:07:46.932	FFEE-0000-0321-0545	wagasitabetai
2018-03-02 10:07:46.932	FFEE-0000-0321-0545	YAMAGUCHI.HIRO
2018-03-02 10:07:46.932	FFEE-0000-0321-0545	Zachcat2013
2018-03-02 10:07:48.372	FFEE-0000-0340-8B6F	artur09
2018-03-02 10:07:48.372	FFEE-0000-0340-8B6F	BenjaminTapia
2018-03-02 10:07:48.372	FFEE-0000-0340-8B6F	bryanpaez
2018-03-02 10:07:48.372	FFEE-0000-0340-8B6F	SlickNicky44
2017-12-18 16:13:01.131	FFF0-0000-034F-B804	dagpetter
2018-02-20 16:59:13.411	FFF0-0000-034F-B804	DMcDMac
2017-12-18 16:13:01.131	FFF0-0000-034F-B804	DoctorDPad
2017-12-18 16:13:01.131	FFF0-0000-034F-B804	Gaming_Is_Art88
2017-12-18 16:13:01.131	FFF0-0000-034F-B804	HNPsquared
2017-12-18 16:13:01.131	FFF0-0000-034F-B804	intvdude
2017-12-18 16:13:01.131	FFF0-0000-034F-B804	lilithsm
2017-12-18 16:13:01.131	FFF0-0000-034F-B804	Millmousse
2017-12-18 16:13:01.131	FFF0-0000-034F-B804	Monster-Hunter93
2017-12-18 16:13:01.131	FFF0-0000-034F-B804	OzKat502
2017-12-18 16:13:01.131	FFF0-0000-034F-B804	Pirate_Jonhson
2017-12-18 16:13:01.131	FFF0-0000-034F-B804	sailor_kozy
2017-12-18 16:13:01.131	FFF0-0000-034F-B804	schustge
2017-12-18 16:13:01.131	FFF0-0000-034F-B804	stewartmr
2018-02-23 15:06:55.003	FFF0-0000-0354-28AE	boss0301
2018-03-12 00:19:44.252	FFF0-0000-0354-28AE	CarlosGH97
2018-02-23 15:06:55.003	FFF0-0000-0354-28AE	dmac3232
2018-02-23 15:06:55.003	FFF0-0000-0354-28AE	drifter_321
2018-02-23 15:06:55.003	FFF0-0000-0354-28AE	ismailmm
2018-02-23 15:06:55.003	FFF0-0000-0354-28AE	Kaoss5
2018-02-23 15:06:55.003	FFF0-0000-0354-28AE	Khr0n0ss
2018-02-23 15:06:55.003	FFF0-0000-0354-28AE	Kiddo42
2018-02-23 15:06:55.003	FFF0-0000-0354-28AE	krueger365
2018-02-23 15:06:55.003	FFF0-0000-0354-28AE	NAO7979
2018-02-23 15:06:55.003	FFF0-0000-0354-28AE	NtyAlex_YT
2018-02-23 15:06:55.003	FFF0-0000-0354-28AE	sugimotoyuito
2018-02-23 15:06:55.003	FFF0-0000-0354-28AE	teamoerick1004
2018-02-23 15:06:55.003	FFF0-0000-0354-28AE	victormanuelcast
2018-03-02 10:07:50.1	FFF0-0000-0367-D569	giancarlos96
2017-12-18 16:13:03.372	FFF1-0000-0300-35CF	FeldenStanton
2017-12-18 16:13:03.372	FFF1-0000-0300-35CF	FilipeTales
2017-12-18 16:13:03.372	FFF1-0000-0300-35CF	Gratoffie
2017-12-18 16:13:03.372	FFF1-0000-0300-35CF	GwepFerngully
2017-12-18 16:13:03.372	FFF1-0000-0300-35CF	JayBD2003
2017-12-18 16:13:03.372	FFF1-0000-0300-35CF	jmeisenb
2017-12-18 16:13:03.372	FFF1-0000-0300-35CF	KDawg1978
2017-12-18 16:13:03.372	FFF1-0000-0300-35CF	Link_kilik
2017-12-18 16:13:03.372	FFF1-0000-0300-35CF	MegadarkWiiU
2017-12-18 16:13:03.372	FFF1-0000-0300-35CF	miguelito1236
2018-01-09 13:31:08.571	FFF1-0000-0300-35CF	mistervince
2017-12-18 16:13:03.372	FFF1-0000-0300-35CF	otooyu
2018-01-11 01:13:36.916	FFF1-0000-0300-35CF	pipiyo12
2017-12-18 16:13:03.372	FFF1-0000-0300-35CF	PopTevin20049
2017-12-18 16:13:03.372	FFF1-0000-0300-35CF	ricocrips
2017-12-18 16:13:03.372	FFF1-0000-0300-35CF	Sarouchka1
2017-12-18 16:13:03.372	FFF1-0000-0300-35CF	SirClare2000
2017-12-18 16:13:03.372	FFF1-0000-0300-35CF	Spazbite
2017-12-18 16:13:03.372	FFF1-0000-0300-35CF	TheChewmiester
2017-12-18 16:13:03.372	FFF1-0000-0300-35CF	Zakmanish
2017-12-18 16:13:03.372	FFF1-0000-0300-35CF	ZockiGalore
2017-12-18 16:13:03.372	FFF1-0000-0300-35CF	Zovaara
2018-02-23 15:06:56.264	FFF1-0000-0341-8587	aaronecheverria
2018-02-23 15:06:56.264	FFF1-0000-0341-8587	indieplex
2018-02-23 15:06:57.82	FFF1-0000-0364-FC96	Buzzsaw6
2018-02-23 15:06:57.82	FFF1-0000-0364-FC96	Luckdragonotter
2017-12-18 16:13:06.218	FFF2-0000-032B-6FC3	adrian190208
2017-12-18 16:13:06.218	FFF2-0000-032B-6FC3	buddy1943indiana
2017-12-18 16:13:06.218	FFF2-0000-032B-6FC3	gabrielbscopaz
2017-12-18 16:13:06.218	FFF2-0000-032B-6FC3	Grymo79
2017-12-18 16:13:06.218	FFF2-0000-032B-6FC3	HARUNE-DESU
2018-01-15 21:20:43.911	FFF2-0000-032B-6FC3	joelda3
2017-12-18 16:13:06.218	FFF2-0000-032B-6FC3	koo7878
2017-12-18 16:13:06.218	FFF2-0000-032B-6FC3	ktakano2008
2017-12-18 16:13:06.218	FFF2-0000-032B-6FC3	Kumar0
2017-12-18 16:13:06.218	FFF2-0000-032B-6FC3	matmayo13
2017-12-18 16:13:06.218	FFF2-0000-032B-6FC3	sammiieec23
2017-12-18 16:13:06.218	FFF2-0000-032B-6FC3	sha221
2017-12-18 16:13:06.218	FFF2-0000-032B-6FC3	spikestabber
2017-12-18 16:13:06.218	FFF2-0000-032B-6FC3	Ssundee619
2017-12-18 16:13:06.218	FFF2-0000-032B-6FC3	tewaters
2017-12-18 16:13:06.218	FFF2-0000-032B-6FC3	toolarmysniper
2017-12-18 16:13:06.218	FFF2-0000-032B-6FC3	VictorMan1220
2018-02-20 16:59:16.856	FFF2-0000-032B-6FC3	willyb73
2017-12-18 16:13:06.218	FFF2-0000-032B-6FC3	yjh0605
2017-12-18 16:13:07.978	FFF4-0000-0303-92BE	0650megaport
2017-12-18 16:13:07.978	FFF4-0000-0303-92BE	aaronjerrett
2017-12-18 16:13:07.978	FFF4-0000-0303-92BE	fabrinsau
2017-12-18 16:13:07.978	FFF4-0000-0303-92BE	finnlil
2017-12-18 16:13:07.978	FFF4-0000-0303-92BE	goalaog
2017-12-18 16:13:07.978	FFF4-0000-0303-92BE	greenCORN1229
2017-12-18 16:13:07.978	FFF4-0000-0303-92BE	guzusuke
2017-12-18 16:13:07.978	FFF4-0000-0303-92BE	hatakotaryu
2017-12-18 16:13:07.978	FFF4-0000-0303-92BE	jacketHare
2018-02-20 16:59:18.534	FFF4-0000-0303-92BE	Jeansi
2017-12-18 16:13:07.978	FFF4-0000-0303-92BE	matthewvegas
2017-12-18 16:13:07.978	FFF4-0000-0303-92BE	nobi0204
2017-12-18 16:13:07.978	FFF4-0000-0303-92BE	Rebeccalynn77
2017-12-18 16:13:07.978	FFF4-0000-0303-92BE	sakke03
2017-12-18 16:13:07.978	FFF4-0000-0303-92BE	SandraGabMatt686
2017-12-18 16:13:07.978	FFF4-0000-0303-92BE	spaceship9
2017-12-18 16:13:07.978	FFF4-0000-0303-92BE	syunsuke0613
2017-12-18 16:13:07.978	FFF4-0000-0303-92BE	thegreatmaxi
2017-12-18 16:13:07.978	FFF4-0000-0303-92BE	yousef724
2017-12-18 16:13:07.978	FFF4-0000-0303-92BE	yy3838jp
2018-02-23 15:06:59.331	FFF4-0000-0319-98DC	egaoman
2018-02-23 15:06:59.331	FFF4-0000-0319-98DC	Kevindeath19
2018-02-23 15:06:59.331	FFF4-0000-0319-98DC	Lalo87
2018-02-23 15:06:59.331	FFF4-0000-0319-98DC	Monteagudoman77
2018-02-23 15:06:59.331	FFF4-0000-0319-98DC	RocktownMomo
2018-02-23 15:07:00.598	FFF5-0000-0330-807F	BRIAN_LUE
2018-02-23 15:07:00.598	FFF5-0000-0330-807F	derohken21
2018-02-23 15:07:00.598	FFF5-0000-0330-807F	elisa38110
2018-02-23 15:07:00.598	FFF5-0000-0330-807F	Firemage15
2018-02-23 15:07:00.598	FFF5-0000-0330-807F	vvkings
2018-02-23 15:07:00.598	FFF5-0000-0330-807F	whitemamba77
2018-02-23 15:07:00.598	FFF5-0000-0330-807F	zhatory
2018-02-23 15:07:02	FFF5-0000-033E-DAC6	Akouta0822
2018-02-23 15:07:02	FFF5-0000-033E-DAC6	derupi7
2018-02-23 15:07:02	FFF5-0000-033E-DAC6	DrockmanX
2018-02-23 15:07:02	FFF5-0000-033E-DAC6	ElliottHarvey
2018-02-23 15:07:02	FFF5-0000-033E-DAC6	freddy5600
2018-02-23 15:07:02	FFF5-0000-033E-DAC6	HajiTakeBro
2018-02-23 15:07:02	FFF5-0000-033E-DAC6	Karisma91
2018-02-23 15:07:02	FFF5-0000-033E-DAC6	mark0622
2018-02-23 15:07:02	FFF5-0000-033E-DAC6	nicolas.tibu
2018-02-23 15:07:02	FFF5-0000-033E-DAC6	Rodgersfamily5
2018-02-23 15:07:02	FFF5-0000-033E-DAC6	saokoya
2018-02-23 15:07:02	FFF5-0000-033E-DAC6	yuukisaeemi
2018-03-02 10:07:51.825	FFF5-0000-0357-B48A	0.Drakel.0
2018-03-02 10:07:51.825	FFF5-0000-0357-B48A	dollarsine
2018-03-02 10:07:51.825	FFF5-0000-0357-B48A	Dragon164
2018-03-02 10:07:51.825	FFF5-0000-0357-B48A	JazzApes
2018-03-02 10:07:51.825	FFF5-0000-0357-B48A	judy6699
2018-03-02 10:07:51.825	FFF5-0000-0357-B48A	pipiyo12
2018-03-02 10:07:53.671	FFF5-0000-035C-6150	fsr2014
2018-03-02 10:07:53.671	FFF5-0000-035C-6150	gamerben
2018-03-02 10:07:53.671	FFF5-0000-035C-6150	lorenzobondini
2018-03-02 10:07:53.671	FFF5-0000-035C-6150	ponces_wii
2018-03-02 10:07:53.671	FFF5-0000-035C-6150	stropiergiant
2018-03-02 10:07:55.361	FFF5-0000-0361-DD81	alesito123
2018-03-13 15:38:12.295	FFF5-0000-0361-DD81	amh118
2018-03-02 10:07:55.361	FFF5-0000-0361-DD81	DarkWolf087
2018-03-02 10:07:55.361	FFF5-0000-0361-DD81	monster-12111
2018-02-23 15:07:04.09	FFF7-0000-02FF-81AC	0128misa
2018-02-23 15:07:04.09	FFF7-0000-02FF-81AC	akskzs5261
2018-02-23 15:07:04.09	FFF7-0000-02FF-81AC	chocola509
2018-02-23 15:07:04.09	FFF7-0000-02FF-81AC	chuiybebe
2018-02-23 15:07:04.09	FFF7-0000-02FF-81AC	ClaudiaVillanuev
2018-02-23 15:07:04.09	FFF7-0000-02FF-81AC	distantmoss
2018-02-23 15:07:04.09	FFF7-0000-02FF-81AC	dorado11b
2018-02-23 15:07:04.09	FFF7-0000-02FF-81AC	Elwira1989
2018-02-23 15:07:04.09	FFF7-0000-02FF-81AC	ErinBmom
2018-02-23 15:07:04.09	FFF7-0000-02FF-81AC	FlammingNinja
2018-02-23 15:07:04.09	FFF7-0000-02FF-81AC	jordiwerkhoven
2018-02-23 15:07:04.09	FFF7-0000-02FF-81AC	Jor_NL
2018-02-23 15:07:04.09	FFF7-0000-02FF-81AC	Kouchan0708besu
2018-02-23 15:07:04.09	FFF7-0000-02FF-81AC	lj1127
2018-02-23 15:07:04.09	FFF7-0000-02FF-81AC	masaseyo-ri0413
2018-02-23 15:07:04.09	FFF7-0000-02FF-81AC	missourisuperman
2018-02-23 15:07:04.09	FFF7-0000-02FF-81AC	moco412
2018-02-23 15:07:04.09	FFF7-0000-02FF-81AC	mr_miala12
2018-02-23 15:07:04.09	FFF7-0000-02FF-81AC	my-name-is-goko
2018-02-23 15:07:04.09	FFF7-0000-02FF-81AC	ParkerB2006
2018-02-23 15:07:04.09	FFF7-0000-02FF-81AC	pasbellelavieyes
2018-02-23 15:07:04.09	FFF7-0000-02FF-81AC	patzpohn
2018-02-23 15:07:04.09	FFF7-0000-02FF-81AC	ryouta322
2018-02-23 15:07:04.09	FFF7-0000-02FF-81AC	shopkin5
2018-02-23 15:07:04.09	FFF7-0000-02FF-81AC	superaxel007
2018-02-23 15:07:04.09	FFF7-0000-02FF-81AC	takumi-wiiu.h
2018-02-23 15:07:04.09	FFF7-0000-02FF-81AC	TESdragon
2018-02-23 15:07:04.09	FFF7-0000-02FF-81AC	TheWuskrat
2018-02-23 15:07:04.09	FFF7-0000-02FF-81AC	Tito093
2018-02-23 15:07:04.09	FFF7-0000-02FF-81AC	toshikuni4070
2018-02-23 15:07:04.09	FFF7-0000-02FF-81AC	Twinky12306
2018-02-23 15:07:04.09	FFF7-0000-02FF-81AC	veronicanunezdel
2018-02-23 15:07:04.09	FFF7-0000-02FF-81AC	yamamotoshuho
2018-02-23 15:07:04.09	FFF7-0000-02FF-81AC	yasaiman.1223
2018-02-23 15:07:04.09	FFF7-0000-02FF-81AC	YFlytrap
2018-02-23 15:07:04.09	FFF7-0000-02FF-81AC	yu-mi-ko2525
2018-02-23 15:07:04.09	FFF7-0000-02FF-81AC	Yutti28
2018-02-23 15:07:05.439	FFF8-0000-0342-D0AE	Gangems11
2018-02-23 15:07:05.439	FFF8-0000-0342-D0AE	Mikcavallieri
2018-02-23 15:07:05.439	FFF8-0000-0342-D0AE	s0ck00
2018-02-23 15:07:05.439	FFF8-0000-0342-D0AE	tmws0822
2018-02-23 15:07:05.439	FFF8-0000-0342-D0AE	zuberstar
2018-03-02 10:07:57.283	FFF8-0000-0350-CECA	asfmudkipz
2018-03-02 10:07:57.283	FFF8-0000-0350-CECA	BigMike4200
2018-03-02 10:07:57.283	FFF8-0000-0350-CECA	Cai0D4rkTV05
2018-03-02 10:07:57.283	FFF8-0000-0350-CECA	EnderYoshy
2018-03-02 10:07:57.283	FFF8-0000-0350-CECA	JoxGaming119
2018-03-02 10:07:57.283	FFF8-0000-0350-CECA	kattenbak_mauwie
2018-03-02 10:07:57.283	FFF8-0000-0350-CECA	katzeknuddel363
2018-03-02 10:07:57.283	FFF8-0000-0350-CECA	kildalaw
2018-03-02 10:07:57.283	FFF8-0000-0350-CECA	lucaslenny19
2018-03-02 10:07:57.283	FFF8-0000-0350-CECA	mamacelalimasse
2018-03-02 10:07:57.283	FFF8-0000-0350-CECA	milosz2
2018-03-02 10:07:57.283	FFF8-0000-0350-CECA	MonkeyDLemon3DS
2018-03-02 10:07:57.283	FFF8-0000-0350-CECA	partydance1
2018-03-02 10:07:57.283	FFF8-0000-0350-CECA	RedVelvet94
2018-03-02 10:07:57.283	FFF8-0000-0350-CECA	shayan650
2018-03-02 10:07:57.283	FFF8-0000-0350-CECA	Squidd900
2018-03-02 10:07:57.283	FFF8-0000-0350-CECA	SuperMaxStunner
2018-03-02 10:07:57.283	FFF8-0000-0350-CECA	suro2941
2018-03-10 21:59:50.804	FFF8-0000-0350-CECA	tanaka-to
2018-03-02 10:07:57.283	FFF8-0000-0350-CECA	TheJoker65
2018-03-02 10:07:57.283	FFF8-0000-0350-CECA	yannelson
2018-03-02 10:07:58.843	FFF9-0000-034D-6A3D	A-21.K-16
2018-03-02 10:07:58.843	FFF9-0000-034D-6A3D	ashersnetwork
2018-03-08 09:15:54.516	FFF9-0000-034D-6A3D	Callofdutytobias
2018-03-02 10:07:58.843	FFF9-0000-034D-6A3D	CaptainC83
2018-03-02 10:07:58.843	FFF9-0000-034D-6A3D	carolinalopez22
2018-03-02 10:07:58.843	FFF9-0000-034D-6A3D	Darkshawdow614
2018-03-02 10:07:58.843	FFF9-0000-034D-6A3D	jeremiusilvae
2018-03-02 10:07:58.843	FFF9-0000-034D-6A3D	maverickxplot
2018-03-02 10:07:58.843	FFF9-0000-034D-6A3D	plblark
2018-03-02 10:07:58.843	FFF9-0000-034D-6A3D	SammyLNH
2018-03-02 10:07:58.843	FFF9-0000-034D-6A3D	simoneschank
2018-03-10 06:31:51.173	FFF9-0000-034D-6A3D	wbz001
2017-12-18 16:13:09.703	FFFA-0000-0311-BAF2	bdgood13
2017-12-18 16:13:09.703	FFFA-0000-0311-BAF2	bunnyaki916
2017-12-18 16:13:09.703	FFFA-0000-0311-BAF2	E-SU7890
2017-12-18 16:13:09.703	FFFA-0000-0311-BAF2	fractalchild
2017-12-18 16:13:09.703	FFFA-0000-0311-BAF2	guanacoquapo
2017-12-18 16:13:09.703	FFFA-0000-0311-BAF2	ha136800
2018-01-31 15:54:34.183	FFFA-0000-0311-BAF2	HotaNeko
2017-12-18 16:13:09.703	FFFA-0000-0311-BAF2	JiciDubois
2017-12-18 16:13:09.703	FFFA-0000-0311-BAF2	MARIOLONGNOSE
2017-12-18 16:13:09.703	FFFA-0000-0311-BAF2	oka0218
2017-12-18 16:13:09.703	FFFA-0000-0311-BAF2	parker321456
2018-01-31 15:54:34.183	FFFA-0000-0311-BAF2	Pikey1980
2018-01-02 07:30:42.672	FFFA-0000-0311-BAF2	PowerSurge3
2017-12-18 16:13:09.703	FFFA-0000-0311-BAF2	robeliz1483
2017-12-18 16:13:09.703	FFFA-0000-0311-BAF2	rt1mpjdis
2017-12-18 16:13:09.703	FFFA-0000-0311-BAF2	Rylatron
2018-01-31 15:54:34.183	FFFA-0000-0311-BAF2	Shadow_EX23
2017-12-18 16:13:09.703	FFFA-0000-0311-BAF2	Takumi.Senoo24
2018-02-23 15:07:06.984	FFFA-0000-0333-7244	FryTheSolid
2018-02-23 15:07:06.984	FFFA-0000-0333-7244	JasonLemon123
2018-02-23 15:07:09.749	FFFA-0000-0336-1D1D	035647
2018-02-23 15:07:09.749	FFFA-0000-0336-1D1D	1212taiyaki
2018-02-23 15:07:09.749	FFFA-0000-0336-1D1D	8ki10ri8
2018-02-23 15:07:09.749	FFFA-0000-0336-1D1D	a7s1h8
2018-02-23 15:07:09.749	FFFA-0000-0336-1D1D	acapocci
2018-03-13 17:37:41.451	FFFA-0000-0336-1D1D	ajtonner44
2018-02-23 15:07:09.749	FFFA-0000-0336-1D1D	anastasia1992
2018-02-23 15:07:09.749	FFFA-0000-0336-1D1D	asthatbeenmurry
2018-02-23 15:07:09.749	FFFA-0000-0336-1D1D	boail94
2018-02-23 15:07:09.749	FFFA-0000-0336-1D1D	Callystacb19
2018-02-23 15:07:09.749	FFFA-0000-0336-1D1D	coaster2015
2018-02-23 15:07:09.749	FFFA-0000-0336-1D1D	Daneaner20
2018-02-23 15:07:09.749	FFFA-0000-0336-1D1D	dojomonkey
2018-02-23 15:07:09.749	FFFA-0000-0336-1D1D	DrumPenguin
2018-02-23 15:07:09.749	FFFA-0000-0336-1D1D	Dylandaboss123
2018-02-23 15:07:09.749	FFFA-0000-0336-1D1D	edujarias
2018-02-23 15:07:09.749	FFFA-0000-0336-1D1D	eitom0604
2018-02-23 15:07:09.749	FFFA-0000-0336-1D1D	EliasV005
2018-02-23 15:07:09.749	FFFA-0000-0336-1D1D	fcp_veza
2018-02-23 15:07:09.749	FFFA-0000-0336-1D1D	flittween
2018-02-23 15:07:09.749	FFFA-0000-0336-1D1D	Flycki
2018-02-23 15:07:09.749	FFFA-0000-0336-1D1D	Helonious
2018-02-23 15:07:09.749	FFFA-0000-0336-1D1D	jamiefarago
2018-02-23 15:07:09.749	FFFA-0000-0336-1D1D	jonathanvee
2018-02-23 15:07:09.749	FFFA-0000-0336-1D1D	juliamaxim123
2018-02-23 15:07:09.749	FFFA-0000-0336-1D1D	kacchan1113
2018-02-23 15:07:09.749	FFFA-0000-0336-1D1D	kanamenamename
2018-02-23 15:07:09.749	FFFA-0000-0336-1D1D	kousayuika
2018-02-23 15:07:09.749	FFFA-0000-0336-1D1D	lapinsucre
2018-02-23 15:07:09.749	FFFA-0000-0336-1D1D	lauriandtodd
2018-02-23 15:07:09.749	FFFA-0000-0336-1D1D	lumama08
2018-02-23 15:07:09.749	FFFA-0000-0336-1D1D	Marford
2018-02-23 15:07:09.749	FFFA-0000-0336-1D1D	martinbaby
2018-02-23 15:07:09.749	FFFA-0000-0336-1D1D	masahiro4566
2018-02-23 15:07:09.749	FFFA-0000-0336-1D1D	masaru3832
2018-02-23 15:07:09.749	FFFA-0000-0336-1D1D	Mitruma-4
2018-02-23 15:07:09.749	FFFA-0000-0336-1D1D	morimotoryuusei
2018-02-23 15:07:09.749	FFFA-0000-0336-1D1D	MuzziL
2018-02-23 15:07:09.749	FFFA-0000-0336-1D1D	NAGI-NAGI-NAGI
2018-02-23 15:07:09.749	FFFA-0000-0336-1D1D	nerfgun07
2018-02-23 15:07:09.749	FFFA-0000-0336-1D1D	okan2014
2018-02-23 15:07:09.749	FFFA-0000-0336-1D1D	ottofam
2018-02-23 15:07:09.749	FFFA-0000-0336-1D1D	parker2295
2018-02-23 15:07:09.749	FFFA-0000-0336-1D1D	PickleMcNugget
2018-02-23 15:07:09.749	FFFA-0000-0336-1D1D	Reverexed
2018-02-23 15:07:09.749	FFFA-0000-0336-1D1D	RoTweety
2018-02-23 15:07:09.749	FFFA-0000-0336-1D1D	RYOGA1116
2018-02-23 15:07:09.749	FFFA-0000-0336-1D1D	ryogakairi
2018-02-23 15:07:09.749	FFFA-0000-0336-1D1D	sasa4115
2018-02-23 15:07:09.749	FFFA-0000-0336-1D1D	seiyukumakura
2018-02-23 15:07:09.749	FFFA-0000-0336-1D1D	Sem-pikmin
2018-02-23 15:07:09.749	FFFA-0000-0336-1D1D	siva1115
2018-02-23 15:07:09.749	FFFA-0000-0336-1D1D	soccerrocks4ever
2018-02-23 15:07:09.749	FFFA-0000-0336-1D1D	T281031M
2018-02-23 15:07:09.749	FFFA-0000-0336-1D1D	Thomas0306
2018-02-23 15:07:09.749	FFFA-0000-0336-1D1D	tk106136
2018-02-23 15:07:09.749	FFFA-0000-0336-1D1D	umemiyakai
2018-02-23 15:07:09.749	FFFA-0000-0336-1D1D	uuyyi0
2018-02-23 15:07:09.749	FFFA-0000-0336-1D1D	valeriab1
2018-02-23 15:07:09.749	FFFA-0000-0336-1D1D	vtjbcetk
2018-02-23 15:07:09.749	FFFA-0000-0336-1D1D	Welsh_Walkers
2018-02-23 15:07:09.749	FFFA-0000-0336-1D1D	wer123tyu456iop
2018-02-23 15:07:09.749	FFFA-0000-0336-1D1D	Yolo_Swagggggins
2018-03-06 07:51:22.74	FFFA-0000-0336-1D1D	yrxnc53000
2018-02-23 15:07:09.749	FFFA-0000-0336-1D1D	yu-2017-08
2018-03-02 10:08:01.357	FFFA-0000-0338-D421	Bergsma-Zeinstra
2018-03-02 10:08:01.357	FFFA-0000-0338-D421	CHiicocco
2018-03-02 10:08:01.357	FFFA-0000-0338-D421	EricBoingo1
2018-03-02 10:08:01.357	FFFA-0000-0338-D421	Fire_Q
2018-03-02 10:08:01.357	FFFA-0000-0338-D421	Lokirian
2018-03-02 10:08:01.357	FFFA-0000-0338-D421	nici1502
2018-03-02 10:08:01.357	FFFA-0000-0338-D421	pasnacks
2018-03-02 10:08:01.357	FFFA-0000-0338-D421	PokePassi
2018-03-02 10:08:01.357	FFFA-0000-0338-D421	xNoahJJx
2018-02-23 15:07:11.258	FFFB-0000-031F-40E7	61100jeremy
2018-02-23 15:07:11.258	FFFB-0000-031F-40E7	freerider111
2018-02-23 15:07:11.258	FFFB-0000-031F-40E7	Joshdad85
2018-02-23 15:07:11.258	FFFB-0000-031F-40E7	MarcDerSuchti
2018-02-23 15:07:11.258	FFFB-0000-031F-40E7	maxi5704
2018-02-23 15:07:11.258	FFFB-0000-031F-40E7	oono1013
2018-02-23 15:07:11.258	FFFB-0000-031F-40E7	PascalFrank
2018-02-23 15:07:11.258	FFFB-0000-031F-40E7	renkou1102
2018-02-23 15:07:11.258	FFFB-0000-031F-40E7	reochero
2018-02-23 15:07:11.258	FFFB-0000-031F-40E7	Shane525
2018-02-23 15:07:11.258	FFFB-0000-031F-40E7	Tantighe
2018-02-23 15:07:11.258	FFFB-0000-031F-40E7	WIIMoustique
2018-02-23 15:07:11.258	FFFB-0000-031F-40E7	XxIrvin_2288xX
2018-03-02 10:08:03.179	FFFB-0000-0327-65C1	byuio8
2018-03-02 10:08:03.179	FFFB-0000-0327-65C1	CHALO181185
2018-03-02 10:08:03.179	FFFB-0000-0327-65C1	Eleruanomartinez
2018-03-02 10:08:03.179	FFFB-0000-0327-65C1	Horfire
2018-03-02 10:08:03.179	FFFB-0000-0327-65C1	jdlap01
2018-03-02 10:08:03.179	FFFB-0000-0327-65C1	JohnWatsonMD
2018-03-02 10:08:03.179	FFFB-0000-0327-65C1	JustinDP
2018-03-02 10:08:03.179	FFFB-0000-0327-65C1	RuiYuu0807
2018-03-02 10:08:03.179	FFFB-0000-0327-65C1	shadow2.8.1
2018-03-02 10:08:03.179	FFFB-0000-0327-65C1	tomo20070224
2018-03-02 10:08:07.374	FFFC-0000-0346-165A	92Link
2018-03-02 10:08:07.374	FFFC-0000-0346-165A	ACEjack05
2018-03-02 10:08:07.374	FFFC-0000-0346-165A	akirapiiko
2018-03-02 10:08:07.374	FFFC-0000-0346-165A	Aljen1
2018-03-02 10:08:07.374	FFFC-0000-0346-165A	amsk2012
2018-03-02 10:08:07.374	FFFC-0000-0346-165A	aragon521
2018-03-02 10:08:07.374	FFFC-0000-0346-165A	ARIANMAIDEN04
2018-03-02 10:08:07.374	FFFC-0000-0346-165A	ashmiller07
2018-03-02 10:08:07.374	FFFC-0000-0346-165A	astropop626
2018-03-02 10:08:07.374	FFFC-0000-0346-165A	ayaneeei
2018-03-02 10:08:07.374	FFFC-0000-0346-165A	bryanh601
2018-03-02 10:08:07.374	FFFC-0000-0346-165A	BWplayz
2018-03-02 10:08:07.374	FFFC-0000-0346-165A	capitan-Bryan
2018-03-02 10:08:07.374	FFFC-0000-0346-165A	chichi36
2018-03-02 10:08:07.374	FFFC-0000-0346-165A	CHOPPERS1
2018-03-04 19:34:19.209	FFFC-0000-0346-165A	Chronopolis18
2018-03-02 10:08:07.374	FFFC-0000-0346-165A	cqrkg908
2018-03-02 10:08:07.374	FFFC-0000-0346-165A	DonnerBlitz78
2018-03-02 10:08:07.374	FFFC-0000-0346-165A	ebetharoo
2018-03-02 10:08:07.374	FFFC-0000-0346-165A	enditu5
2018-03-02 10:08:07.374	FFFC-0000-0346-165A	fender77rcg
2018-03-02 10:08:07.374	FFFC-0000-0346-165A	firebeatz22
2018-03-02 10:08:07.374	FFFC-0000-0346-165A	FreddyKnickerJr
2018-03-02 10:08:07.374	FFFC-0000-0346-165A	fu-ka-na-shin
2018-03-02 10:08:07.374	FFFC-0000-0346-165A	GabrielBF
2018-03-02 10:08:07.374	FFFC-0000-0346-165A	ganymede_lobster
2018-03-02 10:08:07.374	FFFC-0000-0346-165A	happy6688
2018-03-02 10:08:07.374	FFFC-0000-0346-165A	hasloom
2018-03-02 10:08:07.374	FFFC-0000-0346-165A	hato109
2018-03-02 10:08:07.374	FFFC-0000-0346-165A	hibikiyukokoro
2018-03-02 10:08:07.374	FFFC-0000-0346-165A	home333111
2018-03-02 10:08:07.374	FFFC-0000-0346-165A	hugolealucas
2018-03-02 10:08:07.374	FFFC-0000-0346-165A	Hyper1150
2018-03-02 10:08:07.374	FFFC-0000-0346-165A	ichrafibednorz
2018-03-02 10:08:07.374	FFFC-0000-0346-165A	ilhan1604
2018-03-02 10:08:07.374	FFFC-0000-0346-165A	jakihsv
2018-03-02 10:08:07.374	FFFC-0000-0346-165A	JARZABKOWSKI-NC
2018-03-02 10:08:07.374	FFFC-0000-0346-165A	jaydin06
2018-03-02 10:08:07.374	FFFC-0000-0346-165A	JohnnnyAngel
2018-03-02 10:08:07.374	FFFC-0000-0346-165A	jomygunz
2018-03-02 10:08:07.374	FFFC-0000-0346-165A	keitamomodog
2018-03-02 10:08:07.374	FFFC-0000-0346-165A	kingocelot808
2018-03-02 10:08:07.374	FFFC-0000-0346-165A	kmmy170429
2018-03-02 10:08:07.374	FFFC-0000-0346-165A	k.take1970
2018-03-02 10:08:07.374	FFFC-0000-0346-165A	kuroko1983
2018-03-02 10:08:07.374	FFFC-0000-0346-165A	ky4944
2018-03-02 10:08:07.374	FFFC-0000-0346-165A	LecoBurp
2018-03-02 10:08:07.374	FFFC-0000-0346-165A	Letrocitous
2018-03-02 10:08:07.374	FFFC-0000-0346-165A	Lilguo
2018-03-02 10:08:07.374	FFFC-0000-0346-165A	lilka2010
2018-03-02 10:08:07.374	FFFC-0000-0346-165A	LordDarkScythe
2018-03-02 10:08:07.374	FFFC-0000-0346-165A	lukLP2003
2018-03-02 10:08:07.374	FFFC-0000-0346-165A	ma.amano
2018-03-02 10:08:07.374	FFFC-0000-0346-165A	magistry
2018-03-02 10:08:07.374	FFFC-0000-0346-165A	mahirosge
2018-03-02 10:08:07.374	FFFC-0000-0346-165A	manuel120708
2018-03-02 10:08:07.374	FFFC-0000-0346-165A	masonmax
2018-03-02 10:08:07.374	FFFC-0000-0346-165A	maximilianboby
2018-03-02 10:08:07.374	FFFC-0000-0346-165A	misterjet13
2018-03-02 10:08:07.374	FFFC-0000-0346-165A	mk224444
2018-03-02 10:08:07.374	FFFC-0000-0346-165A	Monkeydelphin173
2018-03-02 10:08:07.374	FFFC-0000-0346-165A	murathunder
2018-03-02 10:08:07.374	FFFC-0000-0346-165A	Mythik_CE
2018-03-02 10:08:07.374	FFFC-0000-0346-165A	myu-1014
2018-03-02 10:08:07.374	FFFC-0000-0346-165A	NATUSOUKEI
2018-03-02 10:08:07.374	FFFC-0000-0346-165A	nccole
2018-03-02 10:08:07.374	FFFC-0000-0346-165A	nononsamago
2018-03-02 10:08:07.374	FFFC-0000-0346-165A	oswaldo0416
2018-03-02 10:08:07.374	FFFC-0000-0346-165A	P90XBowler
2018-03-02 10:08:07.374	FFFC-0000-0346-165A	papamamaleo
2018-03-02 10:08:07.374	FFFC-0000-0346-165A	planet2108
2018-03-02 10:08:07.374	FFFC-0000-0346-165A	pochasouma
2018-03-02 10:08:07.374	FFFC-0000-0346-165A	qingyu01
2018-03-02 10:08:07.374	FFFC-0000-0346-165A	QWOPMKTV.M
2018-03-02 10:08:07.374	FFFC-0000-0346-165A	RedR16
2018-03-02 10:08:07.374	FFFC-0000-0346-165A	Refurznerg
2018-03-02 10:08:07.374	FFFC-0000-0346-165A	rokkoro-makoto
2018-03-02 10:08:07.374	FFFC-0000-0346-165A	ryo-tasx
2018-03-02 10:08:07.374	FFFC-0000-0346-165A	ryuku6652wiiu
2018-03-02 10:08:07.374	FFFC-0000-0346-165A	sakkun26
2018-03-02 10:08:07.374	FFFC-0000-0346-165A	salvatore7
2018-03-02 10:08:07.374	FFFC-0000-0346-165A	schnalseppe
2018-03-02 10:08:07.374	FFFC-0000-0346-165A	sinkao142811
2018-03-02 10:08:07.374	FFFC-0000-0346-165A	Skalavachris7000
2018-03-02 10:08:07.374	FFFC-0000-0346-165A	Soatiff
2018-03-02 10:08:07.374	FFFC-0000-0346-165A	souwa213
2018-03-02 10:08:07.374	FFFC-0000-0346-165A	Sunny758
2018-03-02 10:08:07.374	FFFC-0000-0346-165A	SuperSquid1
2018-03-02 10:08:07.374	FFFC-0000-0346-165A	suro2941
2018-03-02 10:08:07.374	FFFC-0000-0346-165A	TaiseiMatsumura
2018-03-02 10:08:07.374	FFFC-0000-0346-165A	TANGOSORA
2018-03-02 10:08:07.374	FFFC-0000-0346-165A	TechOWeb
2018-03-02 10:08:07.374	FFFC-0000-0346-165A	tetsuruma
2018-03-02 10:08:07.374	FFFC-0000-0346-165A	TheMineIsGood
2018-03-02 10:08:07.374	FFFC-0000-0346-165A	TheScaryGamer
2018-03-02 10:08:07.374	FFFC-0000-0346-165A	tntexpress2
2018-03-02 10:08:07.374	FFFC-0000-0346-165A	to450911
2018-03-02 10:08:07.374	FFFC-0000-0346-165A	usiwotaose
2018-03-02 10:08:07.374	FFFC-0000-0346-165A	virus24010
2018-03-02 10:08:07.374	FFFC-0000-0346-165A	woodbottle
2018-03-02 10:08:07.374	FFFC-0000-0346-165A	wrxsti9218
2017-12-18 16:13:11.377	FFFE-0000-032B-2D6F	MakiseKurisu
2018-03-02 10:08:09.252	FFFE-0000-0341-4F2B	028022play
2018-03-02 10:08:09.252	FFFE-0000-0341-4F2B	bjrbell
2018-03-02 10:08:09.252	FFFE-0000-0341-4F2B	BSKgold
2018-03-02 10:08:09.252	FFFE-0000-0341-4F2B	Bukowski67
2018-03-02 10:08:09.252	FFFE-0000-0341-4F2B	bw3011
2018-03-02 10:08:09.252	FFFE-0000-0341-4F2B	CamTastic11
2018-03-02 10:08:09.252	FFFE-0000-0341-4F2B	Conni0609
2018-03-02 10:08:09.252	FFFE-0000-0341-4F2B	donaldin
2018-03-02 10:08:09.252	FFFE-0000-0341-4F2B	Elgaroth
2018-03-02 10:08:09.252	FFFE-0000-0341-4F2B	ElMelvan425
2018-03-02 10:08:09.252	FFFE-0000-0341-4F2B	FamiliaAmezcua
2018-03-02 10:08:09.252	FFFE-0000-0341-4F2B	GUZEMMIESAINTS
2018-03-02 10:08:09.252	FFFE-0000-0341-4F2B	ken-suba-misa
2018-03-02 10:08:09.252	FFFE-0000-0341-4F2B	kurioneko915
2018-03-02 10:08:09.252	FFFE-0000-0341-4F2B	LatinLowRider
2018-03-02 10:08:09.252	FFFE-0000-0341-4F2B	lina0769
2018-03-02 10:08:09.252	FFFE-0000-0341-4F2B	lorenzodark
2018-03-02 10:08:09.252	FFFE-0000-0341-4F2B	lucashob
2018-03-02 10:08:09.252	FFFE-0000-0341-4F2B	Marco_F_G_1993
2018-03-02 10:08:09.252	FFFE-0000-0341-4F2B	nellie12407
2018-03-02 10:08:09.252	FFFE-0000-0341-4F2B	osrocha
2018-03-02 10:08:09.252	FFFE-0000-0341-4F2B	RickHol
2018-03-02 10:08:09.252	FFFE-0000-0341-4F2B	samuel.h013
2018-03-02 10:08:09.252	FFFE-0000-0341-4F2B	scaramouch1986
2018-03-02 10:08:09.252	FFFE-0000-0341-4F2B	UA-Terran
2018-03-02 10:08:09.252	FFFE-0000-0341-4F2B	Vitskertur
2018-02-23 15:07:12.505	FFFF-0000-035D-4849	7kaede.anzu7
2018-02-23 15:07:12.505	FFFF-0000-035D-4849	chaos-D
2018-02-23 15:07:12.505	FFFF-0000-035D-4849	EliasHH
2018-02-23 15:07:12.505	FFFF-0000-035D-4849	graffitiboy44
2018-02-23 15:07:12.505	FFFF-0000-035D-4849	ikazuchi38
2018-02-23 15:07:12.505	FFFF-0000-035D-4849	prb339
2018-02-23 15:07:12.505	FFFF-0000-035D-4849	Skalavachris7000
2018-02-23 15:07:12.505	FFFF-0000-035D-4849	supersmash545355
2018-02-23 15:07:12.505	FFFF-0000-035D-4849	Void-Triforce
